numeroConta;codigoAgencia;dataTransacao;codigoTransacao;valor
0;200;1613520000;2;266.37
8;300;1622592000;3;960.29
10;200;1612396800;2;135.73
10;200;1640304000;3;854.81
7;300;1603584000;3;772.55
8;200;1661126400;1;625.71
7;300;1633737600;0;46.25
3;200;1652572800;2;837.11
0;300;1632268800;2;393.95
0;200;1610409600;1;625.37
7;200;1650585600;1;301.98
2;300;1614643200;1;204.58
3;200;1585440000;0;706.14
1;100;1651881600;1;926.45
2;200;1646092800;3;915.59
0;100;1611792000;0;722.79
10;100;1627430400;1;621.59
2;200;1623196800;2;438.19
8;200;1649462400;0;591.74
9;200;1591574400;3;143.28
9;200;1646265600;1;221.44
7;200;1616976000;1;186.99
9;100;1625788800;1;418.15
5;200;1597190400;2;82.05
10;200;1589760000;3;410.54
6;300;1662768000;1;784.27
5;100;1652659200;0;281.26
0;100;1606348800;1;459.28
8;200;1648598400;2;741.98
9;200;1643500800;1;968.3
0;100;1634515200;1;975.21
5;300;1618099200;0;409.5
6;100;1633132800;1;373.33
3;200;1600300800;2;321.7
6;200;1636761600;2;568.7
0;200;1594166400;0;590.48
3;100;1636329600;1;277.49
3;100;1656374400;0;178.32
3;100;1584921600;2;992.77
8;300;1620000000;3;376.92
5;100;1579478400;1;344.56
3;300;1647993600;2;573.03
3;100;1629936000;2;644.16
10;300;1604880000;2;177.51
0;300;1616198400;2;867.93
2;100;1592870400;3;968.41
10;200;1662076800;3;999.95
0;100;1588118400;3;703.82
5;100;1604448000;3;295.05
2;300;1640563200;2;786.44
8;300;1604448000;1;820.53
7;200;1592956800;2;374.82
1;300;1628380800;2;565.62
6;200;1612137600;3;291.45
0;200;1615939200;0;664.91
8;200;1645401600;2;670.09
9;100;1664064000;2;157.73
10;100;1578614400;1;89.08
1;300;1606694400;1;589.54
10;300;1580601600;2;640.05
3;200;1658188800;1;859.23
2;300;1660521600;2;166.53
4;300;1622678400;2;391.01
2;300;1660867200;3;11.63
1;300;1631318400;1;704.52
2;100;1588032000;3;988.37
3;200;1587686400;2;413.51
3;300;1604188800;1;957.05
2;300;1604707200;2;111.1
3;300;1584489600;3;134.9
3;100;1614038400;0;919.48
10;100;1594598400;1;125.15
7;300;1649894400;0;303.36
8;200;1580601600;2;211.59
2;100;1615161600;0;768.02
9;200;1618358400;1;493.32
8;300;1653609600;0;450.56
3;300;1656633600;1;38.85
5;100;1603065600;0;189.63
7;200;1608854400;1;243.84
8;300;1645142400;3;265.39
4;300;1646524800;1;289.76
3;100;1635724800;3;903.37
3;300;1642291200;1;296.93
1;300;1615852800;2;692.09
8;100;1584662400;0;58.6
9;300;1660003200;2;590.21
4;200;1656979200;0;495.34
8;300;1656979200;3;136.16
7;100;1662854400;1;494.0
3;100;1624579200;0;830.85
8;200;1654992000;1;688.7
10;300;1614038400;0;278.04
2;100;1661817600;1;358.81
6;100;1617321600;3;560.36
10;300;1645660800;0;343.96
0;300;1607385600;3;484.21
8;200;1657843200;2;237.41
10;300;1597363200;0;532.14
8;100;1605052800;0;199.95
1;300;1619136000;3;574.53
7;200;1583625600;0;235.65
10;100;1591488000;3;143.63
1;300;1586476800;0;744.33
6;200;1618444800;2;537.53
2;300;1593302400;1;962.78
9;100;1601856000;0;249.34
0;300;1594512000;1;374.7
5;300;1604016000;0;213.42
9;200;1633564800;2;843.09
4;300;1626825600;0;361.92
10;200;1583971200;2;227.01
9;100;1583625600;1;878.26
0;300;1653782400;3;457.66
6;300;1663372800;2;417.44
4;200;1591401600;2;836.56
4;100;1650412800;0;682.38
3;100;1658448000;2;466.27
9;300;1611100800;2;964.14
4;300;1649808000;2;229.02
5;300;1664064000;0;716.48
4;200;1643500800;0;298.02
10;100;1606089600;2;130.78
1;300;1597449600;0;652.85
4;100;1583107200;2;821.46
1;200;1663718400;3;67.64
7;100;1637625600;0;138.02
8;100;1651276800;3;88.88
5;300;1597622400;1;695.35
4;200;1653436800;1;287.29
7;100;1632787200;3;25.66
3;200;1615075200;0;890.7
5;100;1618617600;2;897.3
4;300;1590278400;1;85.51
4;300;1600041600;1;289.71
0;200;1580083200;3;845.12
1;100;1641340800;1;330.68
0;300;1599955200;3;207.05
8;100;1640304000;1;762.39
6;300;1626393600;3;865.72
10;300;1654300800;3;795.98
4;100;1586995200;1;757.97
3;200;1581033600;1;236.84
5;100;1653523200;0;240.4
1;300;1611360000;2;568.46
7;300;1627776000;0;56.22
3;100;1637625600;2;627.91
8;300;1626739200;2;922.04
5;100;1653091200;3;967.4
10;300;1580169600;1;219.2
8;100;1596844800;0;938.15
10;300;1583193600;3;910.66
3;300;1599523200;3;565.23
7;100;1659312000;1;834.02
7;300;1641600000;2;684.58
1;200;1651536000;0;962.48
8;200;1578700800;1;817.67
0;200;1624665600;2;381.43
4;300;1633996800;2;79.07
3;300;1650412800;2;674.99
1;200;1585440000;1;679.56
9;100;1600473600;0;723.74
5;200;1585872000;1;996.55
1;300;1584576000;2;546.07
5;100;1649808000;3;962.57
6;100;1628726400;2;149.37
8;300;1660608000;0;54.65
4;300;1583280000;1;882.64
2;100;1603065600;1;208.23
6;200;1593475200;1;576.72
0;200;1587600000;0;870.82
5;300;1620777600;2;316.73
1;100;1634774400;1;187.75
3;300;1651968000;0;21.36
1;300;1591401600;3;220.46
2;300;1579219200;1;723.89
10;100;1628035200;0;881.19
5;300;1616976000;0;504.6
8;100;1628726400;1;478.39
6;300;1654732800;0;865.68
6;200;1630108800;3;661.68
1;200;1614729600;2;579.75
9;300;1625184000;0;749.07
5;300;1614297600;3;953.48
8;200;1650931200;2;963.76
7;200;1658188800;3;745.88
6;200;1643068800;2;149.84
3;300;1620172800;0;281.67
2;300;1620864000;3;65.57
10;200;1662681600;1;371.38
1;300;1593216000;1;39.07
2;100;1618099200;1;960.65
3;200;1598140800;1;835.99
7;100;1644710400;1;849.85
6;300;1590883200;1;657.75
7;200;1623024000;2;646.79
5;300;1612310400;2;232.02
6;300;1638835200;0;279.17
6;100;1639872000;3;177.68
5;300;1663027200;0;723.55
4;100;1660608000;3;967.44
3;300;1632355200;3;18.63
2;100;1628985600;3;706.63
7;300;1579219200;1;912.08
6;100;1649894400;3;167.64
4;300;1656979200;0;218.22
7;100;1638835200;2;31.09
5;300;1580601600;2;119.05
5;300;1625702400;3;879.69
1;100;1651622400;3;495.55
5;300;1630627200;0;948.2
7;300;1612656000;3;431.52
4;200;1634688000;1;160.63
3;200;1628553600;2;319.17
1;300;1618099200;3;610.53
10;300;1596758400;1;256.28
3;200;1655164800;2;927.93
10;300;1662508800;2;673.71
0;300;1581379200;2;294.83
0;100;1655424000;2;217.7
5;100;1620345600;3;714.84
2;300;1634774400;1;978.21
1;100;1615852800;1;695.77
10;300;1658275200;3;438.38
6;200;1629417600;1;678.85
9;200;1661817600;3;176.67
5;300;1587254400;1;105.24
9;300;1651363200;3;308.99
0;300;1637798400;3;50.32
10;200;1602288000;3;389.47
7;100;1640304000;2;728.18
1;300;1630022400;3;214.99
3;100;1610496000;1;603.68
4;200;1630972800;2;497.22
5;100;1623456000;3;284.59
0;200;1649289600;3;560.42
1;200;1627689600;0;171.85
3;100;1639267200;3;617.38
10;200;1641168000;0;122.29
8;200;1646265600;2;642.33
3;300;1658016000;2;219.22
0;100;1632614400;2;602.79
3;300;1603843200;3;508.69
9;200;1597363200;3;310.09
7;200;1648512000;2;395.19
6;300;1623024000;1;789.74
4;100;1608940800;2;209.98
7;200;1651622400;3;844.24
7;200;1655424000;0;174.96
3;300;1599004800;1;941.65
2;200;1661126400;2;843.36
7;100;1622851200;1;165.62
9;200;1643932800;3;292.43
2;200;1660867200;1;36.9
9;100;1612224000;1;456.22
3;100;1641513600;3;304.32
0;100;1585699200;3;300.65
0;300;1637884800;2;796.97
7;300;1632528000;3;812.56
6;300;1647907200;2;119.45
4;100;1620000000;0;248.63
2;300;1628640000;3;659.43
3;300;1595030400;3;284.99
9;200;1580428800;2;905.57
6;200;1590537600;2;17.93
8;100;1620172800;0;268.1
3;200;1603324800;3;799.75
5;200;1600992000;2;138.07
7;200;1609372800;2;69.7
10;200;1590537600;2;694.8
6;100;1580947200;1;149.6
10;100;1641427200;2;409.62
6;200;1620000000;2;637.44
6;200;1638144000;1;309.15
4;200;1612310400;2;380.86
4;300;1639699200;3;476.59
2;300;1631318400;1;585.91
0;200;1649289600;2;969.15
6;100;1607990400;0;361.53
2;200;1619740800;3;546.75
2;300;1632441600;3;695.06
7;300;1590105600;2;990.41
1;200;1656547200;1;807.41
8;100;1661558400;2;344.66
0;100;1612137600;0;405.85
5;100;1635897600;1;181.76
8;100;1651017600;1;919.05
3;100;1587772800;2;909.61
4;100;1618704000;0;14.11
5;300;1637539200;0;830.85
3;300;1651968000;0;1.14
10;200;1648252800;0;93.99
4;300;1604534400;0;665.71
3;100;1595376000;1;156.84
6;100;1586563200;0;562.06
0;200;1608163200;3;819.97
7;100;1598227200;2;249.48
0;100;1659916800;0;513.73
2;200;1631750400;3;305.05
9;300;1588723200;2;311.01
8;300;1586044800;2;896.48
2;100;1595462400;0;317.34
8;300;1606176000;1;251.21
8;300;1659916800;2;839.53
6;300;1589760000;3;107.34
2;300;1657670400;0;448.63
10;100;1610841600;2;278.86
5;300;1648339200;1;169.1
5;300;1643155200;0;602.03
5;300;1610668800;2;318.59
6;100;1624665600;2;152.47
7;200;1623283200;1;673.78
3;300;1658534400;0;258.47
4;100;1658102400;0;574.36
0;300;1582588800;3;842.77
2;100;1586390400;2;991.77
7;300;1609891200;2;408.22
1;200;1650153600;0;286.82
9;100;1651708800;3;500.59
2;200;1601078400;0;912.01
0;300;1595289600;0;996.27
10;200;1646006400;0;745.8
0;300;1599696000;2;406.88
2;300;1625529600;3;588.86
4;200;1600819200;0;333.94
5;100;1635465600;3;7.87
9;100;1619395200;2;667.64
3;300;1650931200;0;172.12
1;300;1589587200;2;44.52
0;300;1627862400;2;185.41
3;300;1629849600;2;734.95
1;300;1615766400;3;479.55
5;300;1651449600;2;815.53
1;300;1618099200;1;577.83
5;300;1652659200;0;144.62
4;300;1630454400;1;838.95
10;100;1649376000;2;964.08
5;100;1595894400;2;775.51
7;100;1610668800;3;104.42
7;300;1626393600;1;865.14
1;300;1590624000;0;310.25
8;300;1623456000;0;703.43
6;200;1657324800;3;706.69
6;300;1630540800;0;443.85
8;200;1650412800;1;301.19
10;100;1643328000;0;894.67
4;300;1591920000;1;318.42
4;100;1652313600;0;967.52
4;300;1594252800;3;382.92
8;300;1650240000;0;278.88
6;300;1618099200;0;708.62
7;200;1610928000;2;899.06
0;100;1658361600;1;981.56
8;300;1611100800;3;124.75
0;300;1609977600;0;632.4
3;100;1639008000;3;517.56
2;300;1612051200;2;86.52
2;300;1600473600;1;703.04
3;200;1654560000;0;886.92
5;200;1649116800;3;365.16
0;200;1615852800;1;881.82
6;200;1645574400;0;569.41
3;300;1578355200;2;614.41
9;300;1650153600;2;465.68
9;100;1610236800;1;168.98
9;100;1631577600;3;826.96
6;300;1646179200;3;883.29
5;200;1658102400;0;191.05
4;100;1591660800;2;979.63
0;100;1640476800;2;594.88
9;300;1595289600;1;247.38
8;200;1635897600;0;827.52
1;200;1604361600;0;234.48
8;200;1589760000;0;623.04
7;100;1657670400;0;939.68
8;300;1657065600;1;211.06
8;300;1602547200;1;546.65
10;100;1638662400;2;916.14
4;200;1610841600;1;812.04
7;100;1605571200;3;802.64
9;200;1584403200;0;362.13
6;200;1582675200;1;597.25
9;300;1582761600;0;765.63
8;100;1600214400;1;625.45
4;300;1662854400;3;140.38
6;300;1642636800;3;561.82
8;200;1610668800;0;59.47
0;300;1630713600;0;541.17
9;200;1635465600;3;102.0
6;100;1659312000;2;807.79
3;200;1586563200;1;126.26
0;100;1580169600;3;143.12
3;100;1636156800;3;740.61
9;200;1645747200;1;554.16
5;200;1655856000;3;659.9
10;100;1652227200;2;274.94
10;100;1599264000;1;399.62
0;200;1617580800;1;123.27
8;200;1661385600;3;150.94
3;300;1642550400;3;430.85
0;300;1633219200;3;686.01
5;300;1597104000;0;716.3
10;100;1605052800;1;686.19
4;200;1646697600;2;765.34
10;300;1648166400;0;438.17
5;100;1656374400;2;932.83
8;200;1589414400;1;865.4
9;300;1648080000;0;951.75
8;200;1654300800;3;365.43
4;200;1651795200;3;739.85
8;200;1659398400;3;864.28
3;100;1662422400;3;286.19
1;300;1622592000;2;19.33
2;300;1663372800;1;774.37
1;200;1656633600;0;964.08
4;100;1623628800;0;333.44
7;100;1592265600;2;840.58
7;300;1654041600;0;866.92
6;200;1584403200;2;637.84
0;300;1636243200;3;36.13
7;200;1594598400;2;613.09
10;100;1651190400;1;814.4
7;100;1638316800;3;490.82
3;100;1644537600;1;598.79
2;300;1604707200;0;121.7
0;300;1638230400;2;644.46
5;300;1632873600;1;9.19
0;100;1616716800;3;976.52
0;300;1607817600;2;698.85
0;100;1625961600;3;732.48
2;100;1647734400;3;482.57
10;100;1578441600;3;842.97
10;100;1635292800;3;977.21
2;200;1648684800;2;98.57
10;100;1648944000;2;391.94
7;200;1591833600;3;939.26
2;100;1613088000;3;441.5
10;200;1591228800;3;480.91
1;200;1578787200;3;577.04
10;300;1592870400;0;889.7
5;100;1616544000;0;418.28
6;100;1643760000;2;215.95
8;300;1607126400;2;237.3
10;300;1583107200;1;397.73
4;300;1611187200;1;624.44
9;100;1600214400;3;77.49
7;200;1641859200;1;419.86
3;300;1602720000;3;607.76
6;100;1639612800;1;220.74
0;200;1656201600;0;925.02
8;100;1659312000;1;140.29
4;200;1654128000;3;297.53
2;100;1607817600;3;86.68
4;200;1584144000;2;360.3
4;300;1628294400;3;74.46
0;100;1600300800;1;536.72
2;300;1596153600;0;950.04
5;200;1582761600;2;768.71
4;200;1614643200;2;364.96
9;200;1618704000;1;132.37
1;100;1651017600;1;61.11
2;300;1592006400;0;111.41
1;100;1626825600;2;292.86
9;200;1583798400;2;660.14
2;300;1580601600;1;86.11
10;100;1582329600;2;513.91
5;300;1639872000;1;873.05
7;300;1606608000;0;859.23
9;200;1577923200;1;677.9
0;100;1594512000;2;14.79
6;100;1648252800;0;392.88
2;100;1643241600;2;214.5
3;300;1641427200;3;694.23
2;300;1657756800;3;723.14
2;300;1615334400;0;959.45
9;100;1606089600;0;890.56
2;200;1659657600;3;92.77
1;100;1602374400;2;724.95
8;300;1632268800;2;98.26
2;100;1581292800;2;571.91
0;200;1603065600;1;290.22
7;200;1599696000;2;522.9
1;300;1652054400;3;259.57
10;100;1578182400;2;995.47
10;300;1623369600;1;715.96
10;300;1597104000;0;593.51
6;300;1661299200;2;680.58
0;100;1606521600;1;36.24
10;200;1630972800;2;967.35
5;200;1580342400;3;59.45
10;100;1652400000;0;411.9
2;200;1614297600;2;137.26
7;100;1657756800;3;510.74
5;300;1638489600;3;319.38
3;100;1644710400;0;819.83
5;300;1651881600;2;691.99
3;200;1653696000;0;882.93
7;300;1657324800;2;565.37
0;100;1583798400;1;497.93
4;300;1619740800;3;272.28
8;100;1605657600;3;881.04
0;100;1638403200;2;217.07
2;100;1660867200;3;611.2
1;100;1636761600;3;736.32
6;300;1586390400;0;796.18
7;200;1599350400;0;94.06
8;100;1600905600;2;575.43
1;300;1622937600;3;624.18
3;200;1608595200;0;619.24
0;300;1606608000;2;486.65
10;300;1648252800;2;819.63
4;100;1660694400;1;572.45
6;300;1599609600;0;375.08
2;100;1652400000;3;281.57
10;100;1661299200;0;933.81
2;300;1578614400;0;35.32
2;300;1598313600;0;302.69
2;300;1597881600;1;843.76
6;200;1589155200;1;713.68
6;200;1637366400;0;852.71
0;300;1611187200;1;542.78
7;300;1654819200;2;98.5
1;300;1638403200;3;216.78
2;100;1638316800;1;705.27
2;100;1651536000;3;795.83
10;100;1590278400;2;535.2
9;300;1582156800;2;162.0
1;100;1588204800;3;399.14
8;200;1612310400;3;828.49
10;200;1663372800;2;644.75
2;200;1613865600;1;45.17
6;300;1617148800;3;133.11
9;100;1593216000;3;813.15
7;300;1634083200;2;522.44
1;300;1584144000;0;445.54
9;200;1588809600;1;703.28
10;300;1611878400;0;585.85
5;300;1592611200;2;272.76
8;200;1615852800;2;700.18
2;300;1601251200;3;694.69
2;100;1596585600;1;548.04
5;300;1603324800;2;249.19
8;300;1652054400;0;968.18
3;300;1622160000;3;831.43
4;200;1613520000;1;986.01
0;100;1663286400;3;281.51
5;200;1605312000;0;432.67
7;300;1588636800;3;39.72
7;200;1602460800;2;319.23
6;300;1599523200;0;961.4
8;100;1588723200;1;806.6
8;200;1609286400;3;15.76
9;300;1621296000;2;102.1
2;300;1650412800;1;911.87
5;200;1601942400;3;897.82
7;100;1606608000;3;243.68
6;200;1661299200;1;199.76
9;100;1589414400;0;186.18
6;100;1627084800;1;205.16
8;200;1602374400;2;213.29
1;200;1600646400;0;310.53
2;300;1638057600;2;707.28
7;300;1601683200;0;342.99
5;100;1625097600;3;874.47
4;200;1615075200;1;406.39
0;300;1631664000;0;162.87
0;300;1601769600;0;757.38
5;200;1601078400;2;151.54
10;100;1663200000;3;32.22
8;100;1642291200;2;710.76
7;300;1648944000;0;88.13
4;200;1611964800;1;641.08
1;300;1579996800;2;779.67
6;100;1629590400;0;21.52
10;200;1651190400;0;782.14
9;200;1637884800;0;601.56
2;100;1662422400;0;858.2
3;300;1589155200;1;188.92
3;100;1583366400;1;314.97
10;300;1620777600;1;525.2
8;200;1653004800;3;968.71
9;100;1642464000;3;68.0
9;200;1659657600;1;819.1
8;100;1643587200;2;774.09
8;100;1631318400;0;799.33
9;100;1662940800;2;391.44
2;300;1615075200;0;385.53
10;300;1592265600;2;427.43
5;200;1617753600;1;213.86
5;100;1637625600;2;667.42
0;200;1603411200;1;777.63
7;300;1605312000;3;994.35
7;200;1585094400;3;581.83
4;200;1578355200;1;197.97
6;200;1607904000;2;460.62
8;200;1654905600;0;582.67
4;200;1649980800;3;800.53
7;100;1646438400;0;149.07
3;100;1646524800;1;901.4
8;100;1588550400;3;363.18
7;200;1621814400;1;215.36
7;100;1650412800;2;869.79
10;100;1589760000;1;301.12
2;300;1607558400;2;719.64
7;300;1579392000;1;264.89
0;200;1607472000;2;762.63
0;300;1639872000;1;170.29
8;200;1597104000;2;988.88
10;300;1659312000;0;417.65
4;200;1602288000;0;345.21
1;200;1634774400;2;751.39
2;300;1663286400;1;652.62
8;300;1624665600;0;568.33
4;100;1635811200;0;3.54
2;300;1598140800;2;320.74
0;300;1581379200;2;948.52
9;200;1626652800;0;319.23
8;200;1601596800;3;257.56
4;100;1610496000;3;26.32
1;200;1660176000;0;453.64
10;100;1607126400;2;97.35
9;100;1586217600;0;955.12
8;200;1602892800;3;326.98
1;300;1599955200;0;456.6
6;200;1637971200;1;878.5
6;100;1590278400;1;893.99
3;300;1650758400;2;361.46
5;200;1592352000;3;594.66
7;100;1595980800;0;967.93
6;300;1590019200;3;495.17
6;200;1607731200;2;936.28
3;300;1649289600;1;2.37
1;300;1585180800;3;695.81
7;100;1644537600;1;214.69
6;300;1663113600;2;749.72
3;200;1641772800;0;377.15
8;100;1588896000;1;3.64
3;200;1580860800;1;212.02
9;100;1587686400;2;3.91
9;300;1616198400;3;936.66
5;300;1642464000;1;856.83
10;300;1608076800;2;399.08
2;200;1628985600;0;762.92
9;200;1620518400;0;765.19
9;100;1610409600;3;729.84
0;200;1648252800;0;765.42
7;200;1588550400;3;170.61
7;200;1639958400;2;515.94
6;100;1637798400;1;393.83
4;200;1635897600;1;428.8
7;200;1622073600;3;701.8
5;300;1645920000;1;717.33
4;200;1595289600;1;37.09
6;300;1578960000;0;495.5
7;300;1628726400;0;557.23
10;300;1605225600;3;502.12
2;300;1600473600;3;915.22
1;200;1642982400;2;39.64
2;300;1654992000;1;835.99
8;100;1625184000;3;8.71
7;100;1652832000;2;751.25
7;300;1610928000;3;924.26
10;300;1624838400;2;526.48
0;200;1616457600;0;510.47
6;300;1593648000;2;133.4
0;100;1639440000;1;352.85
10;200;1623110400;0;983.51
10;100;1594252800;0;587.9
6;100;1613692800;3;96.68
6;100;1591228800;3;506.32
9;100;1657584000;1;977.46
0;300;1629331200;0;412.45
5;200;1661299200;1;282.35
6;100;1656201600;3;18.74
7;100;1638057600;3;584.15
6;200;1604793600;3;86.37
1;300;1635811200;2;857.58
3;200;1638662400;0;351.6
9;200;1638489600;3;824.22
1;300;1596585600;1;993.1
5;300;1648512000;1;395.55
9;100;1587254400;3;878.68
1;200;1604793600;2;96.57
10;300;1628726400;1;550.04
3;100;1592956800;1;502.41
0;100;1653523200;2;626.19
3;100;1647388800;3;0.71
3;100;1650067200;2;3.95
10;300;1615593600;3;534.59
5;300;1660780800;3;645.84
9;300;1585440000;1;458.88
0;300;1649030400;3;622.55
9;300;1639785600;1;606.56
5;300;1621468800;0;56.95
0;300;1633219200;3;489.41
4;100;1590278400;1;360.41
3;300;1626998400;3;773.23
9;200;1634428800;1;480.18
10;200;1600732800;2;18.96
8;200;1627862400;0;158.58
2;100;1589155200;2;378.62
7;100;1644278400;1;639.29
1;100;1627603200;2;934.39
3;300;1621900800;2;530.1
2;300;1660867200;3;681.5
6;300;1580688000;1;411.57
5;100;1615680000;0;937.41
10;200;1612137600;0;915.99
2;300;1586563200;2;517.47
5;200;1613779200;0;522.74
4;100;1589328000;1;59.24
3;200;1595116800;0;926.86
1;300;1611100800;3;815.56
5;200;1611446400;3;315.55
0;300;1636675200;1;592.96
3;200;1607212800;0;855.38
4;300;1623456000;1;436.39
0;300;1595289600;2;196.35
9;300;1603584000;0;537.03
5;100;1615939200;0;468.98
7;300;1630454400;2;225.7
5;100;1612137600;3;412.07
7;300;1625184000;1;379.64
6;300;1660089600;1;676.05
1;300;1612137600;2;186.29
6;300;1647820800;3;832.44
0;100;1619395200;0;221.0
0;200;1623456000;0;841.32
10;200;1633996800;3;457.6
9;200;1652745600;3;736.84
9;200;1585872000;0;852.88
6;100;1605657600;2;384.26
2;300;1645660800;1;996.9
3;200;1613779200;2;208.1
3;100;1638489600;0;781.6
8;300;1581206400;3;585.69
1;300;1612396800;2;883.29
2;100;1592870400;2;530.83
8;100;1583539200;2;149.02
7;100;1659052800;1;491.27
5;100;1620777600;1;884.14
5;100;1630195200;1;40.86
7;300;1662076800;1;56.9
7;100;1590451200;1;606.6
6;200;1579996800;2;877.32
2;100;1591228800;1;288.43
2;200;1642291200;2;224.53
8;100;1581984000;3;579.31
7;100;1580601600;3;728.96
0;100;1590192000;1;910.46
4;300;1594771200;1;741.52
5;300;1597449600;1;624.65
7;200;1593216000;0;7.69
7;200;1634342400;0;327.18
8;200;1661817600;3;817.18
10;300;1585008000;1;517.73
2;200;1589241600;2;179.98
10;100;1594339200;1;131.08
5;200;1601596800;1;339.69
0;300;1643587200;1;968.37
6;100;1619913600;0;222.59
1;100;1626998400;0;100.9
1;200;1631145600;2;861.1
1;200;1639267200;2;424.44
9;200;1640044800;0;324.48
8;300;1588723200;0;938.17
0;100;1593907200;1;241.5
5;100;1644192000;1;674.03
7;300;1631232000;1;5.22
8;300;1594771200;1;545.87
5;300;1611532800;3;984.76
1;200;1621641600;3;60.9
6;300;1585958400;1;963.33
8;300;1606608000;1;2.52
9;200;1626307200;1;301.12
10;200;1587945600;0;149.72
1;300;1658880000;3;155.54
10;200;1662163200;0;705.08
4;100;1590796800;2;982.49
2;300;1609113600;1;180.19
7;100;1588550400;1;327.54
2;300;1618531200;1;651.28
2;100;1633996800;1;216.52
8;300;1580947200;3;922.48
9;100;1602806400;2;541.39
1;200;1597622400;2;867.85
8;100;1588550400;2;374.26
0;200;1645833600;1;989.89
9;200;1625961600;2;976.4
4;300;1624838400;2;128.56
8;100;1579305600;0;531.21
10;200;1631232000;3;883.47
1;300;1607990400;0;692.0
9;200;1582416000;0;648.09
8;100;1662940800;0;202.78
3;300;1648598400;2;337.88
10;200;1642723200;2;733.49
7;300;1633046400;1;63.32
5;200;1653177600;2;883.32
8;200;1644537600;3;70.36
2;200;1659052800;2;566.97
10;300;1659398400;0;180.88
7;200;1649548800;0;570.79
7;200;1650844800;1;871.32
10;200;1611532800;3;270.99
1;100;1608681600;0;150.66
8;200;1629244800;3;206.06
9;100;1654214400;1;139.33
2;300;1601251200;0;314.75
10;200;1649721600;1;451.67
10;200;1616803200;1;199.26
5;100;1635465600;3;273.32
0;200;1632009600;2;55.32
7;200;1662422400;0;175.31
5;100;1655683200;2;846.03
0;200;1585872000;1;123.28
5;200;1600560000;3;8.95
5;300;1625356800;0;322.31
8;100;1604448000;1;163.07
2;300;1607040000;0;313.13
6;300;1599609600;0;896.53
10;100;1663632000;1;739.82
10;300;1606867200;2;243.81
0;100;1628640000;1;645.17
6;300;1583280000;2;568.0
10;200;1614211200;3;682.32
4;300;1639612800;2;720.84
9;300;1650931200;1;697.25
1;200;1642464000;3;974.94
2;200;1585094400;2;988.66
0;100;1616630400;3;554.64
4;300;1583712000;1;187.22
7;300;1657152000;2;744.99
2;300;1627603200;3;244.78
2;200;1658102400;3;227.84
7;100;1611792000;2;26.57
7;100;1620000000;0;937.7
2;100;1656892800;1;662.14
8;100;1641945600;2;269.43
10;300;1624060800;1;559.9
4;300;1617321600;0;432.35
6;100;1652313600;1;901.64
5;200;1658188800;3;948.89
2;100;1583193600;0;700.7
8;300;1645488000;0;131.24
1;100;1619308800;1;246.45
8;200;1663718400;2;690.72
4;300;1662422400;3;996.9
4;200;1593561600;0;855.05
3;300;1604966400;1;322.71
4;300;1653609600;1;749.5
8;200;1588118400;0;925.16
3;300;1589760000;3;317.04
5;200;1610409600;2;926.27
2;300;1639699200;0;360.11
7;200;1599955200;0;589.85
3;300;1663113600;1;341.42
9;200;1601510400;1;606.36
2;300;1602201600;3;575.68
0;200;1654214400;2;578.59
9;200;1650758400;0;38.13
6;300;1582243200;3;641.91
6;200;1600041600;2;679.71
3;300;1592784000;2;51.29
3;100;1613952000;1;789.34
9;100;1659916800;1;157.71
8;200;1620086400;2;917.05
5;300;1662422400;0;37.16
0;200;1583971200;3;594.19
8;100;1629504000;0;423.52
1;300;1661558400;1;621.88
1;200;1602460800;0;762.1
3;100;1581552000;3;144.7
3;200;1653177600;2;889.45
2;100;1633564800;0;864.51
6;200;1618012800;2;477.14
9;200;1661817600;2;897.39
7;300;1599177600;2;440.36
8;100;1578787200;2;640.14
7;200;1662854400;2;632.41
8;300;1640908800;0;885.0
5;300;1641772800;3;518.5
0;100;1589068800;0;839.36
7;300;1577923200;3;818.46
0;300;1612396800;3;232.4
2;200;1619308800;0;802.62
4;200;1634774400;3;759.89
2;300;1593043200;2;10.1
2;300;1583020800;0;157.99
6;300;1646784000;3;398.19
3;200;1605139200;0;775.36
2;300;1579132800;2;305.64
9;200;1589587200;3;13.93
10;100;1597708800;1;546.87
2;300;1622592000;0;623.13
4;200;1614470400;3;759.96
3;200;1660608000;1;835.29
6;300;1622505600;1;530.21
0;200;1625529600;3;677.4
3;300;1632009600;1;400.64
8;200;1660521600;1;972.88
6;100;1606262400;1;588.92
5;100;1607299200;2;615.75
7;100;1664150400;2;420.83
10;200;1628640000;2;706.72
8;200;1614384000;0;705.29
9;200;1648080000;1;511.95
9;200;1591056000;1;9.58
4;100;1662508800;3;856.33
0;300;1625443200;2;690.69
0;300;1612656000;1;350.89
6;100;1644537600;0;328.42
3;100;1629158400;1;53.07
8;300;1608249600;3;204.63
7;100;1663200000;3;740.06
7;200;1597708800;1;50.48
1;200;1653782400;1;825.73
10;200;1617321600;2;369.23
3;200;1644278400;2;333.71
4;200;1654387200;0;368.1
3;300;1584921600;3;55.61
8;100;1647734400;2;39.13
3;300;1624147200;3;749.26
4;100;1623024000;0;862.06
1;100;1662163200;1;84.43
9;100;1658620800;0;529.14
0;100;1580947200;1;376.05
9;300;1589846400;1;641.35
1;100;1614384000;3;11.61
1;300;1626998400;0;340.38
7;300;1579996800;0;448.26
5;300;1577836800;1;352.3
6;200;1598832000;2;165.81
10;200;1661299200;0;387.95
7;100;1654905600;3;550.31
8;200;1621555200;3;197.26
10;200;1601683200;3;928.73
3;200;1650931200;1;476.8
6;200;1641600000;2;255.58
3;100;1619654400;1;406.48
8;200;1635984000;3;298.78
0;200;1643760000;1;234.63
8;100;1644624000;2;207.87
9;200;1650585600;3;673.9
2;100;1633651200;1;1.84
3;300;1579651200;3;909.2
8;300;1615939200;3;975.31
7;100;1648166400;2;40.55
9;100;1637539200;3;941.12
6;100;1661385600;3;923.22
1;300;1661731200;0;68.6
7;300;1658620800;0;970.57
7;100;1628294400;3;934.4
8;100;1589155200;1;511.09
9;300;1661558400;2;72.1
0;300;1629158400;0;830.64
6;200;1661040000;3;857.15
4;300;1618963200;3;226.78
8;300;1600473600;0;768.46
1;100;1653955200;0;568.34
1;200;1586390400;1;195.85
3;300;1595894400;3;726.51
9;200;1595030400;2;557.92
2;300;1639008000;0;97.77
3;200;1619308800;0;72.14
4;300;1606348800;0;344.81
8;200;1645833600;1;779.88
4;300;1621468800;0;574.59
7;200;1661558400;0;157.3
3;300;1652400000;3;65.63
7;300;1615334400;0;985.83
8;300;1636675200;0;33.54
6;300;1588550400;2;700.69
3;100;1644278400;3;668.99
7;300;1581552000;2;795.11
4;200;1647993600;1;823.1
6;300;1597968000;1;437.72
2;300;1623456000;2;148.74
8;100;1587340800;0;183.62
0;100;1640217600;0;707.41
10;200;1615334400;0;369.66
3;300;1592265600;0;773.54
3;200;1605657600;2;583.61
5;300;1661817600;2;65.23
6;200;1592438400;3;150.01
0;200;1658361600;2;627.37
0;300;1649721600;2;566.73
5;100;1651017600;2;231.1
3;100;1604966400;1;691.91
5;200;1643414400;3;445.26
1;300;1590451200;3;304.13
8;300;1578528000;3;67.98
6;300;1615161600;2;150.45
8;200;1645228800;0;703.87
7;300;1600732800;3;788.74
3;200;1636502400;2;282.22
5;300;1663459200;1;144.55
8;300;1650412800;2;359.04
0;300;1621728000;0;510.05
8;300;1593648000;0;13.62
7;200;1581897600;1;743.82
3;100;1628985600;0;633.52
5;200;1612051200;3;39.73
1;100;1627516800;1;810.11
5;100;1579564800;2;996.14
0;200;1605657600;2;942.64
9;300;1599868800;3;849.98
9;200;1581984000;1;879.15
9;100;1661126400;0;363.77
5;300;1651881600;0;212.63
5;200;1634947200;0;878.24
8;300;1660003200;3;834.61
9;100;1624924800;1;961.78
3;100;1605830400;2;280.36
6;300;1654732800;0;900.09
1;100;1626480000;2;957.01
5;100;1630108800;1;486.3
0;300;1614211200;2;37.54
0;300;1598313600;1;274.66
9;300;1635897600;1;541.65
7;100;1606262400;2;634.98
7;100;1646179200;3;449.16
8;300;1622246400;2;387.38
8;200;1586995200;2;22.96
9;100;1661385600;3;828.85
1;100;1611705600;1;55.29
3;200;1584576000;3;4.63
8;100;1602633600;0;37.31
7;100;1603411200;2;155.35
1;300;1657324800;2;860.9
0;100;1625097600;3;564.66
0;200;1583193600;0;328.44
10;200;1612656000;3;984.83
1;100;1624579200;2;712.11
0;300;1632355200;1;68.0
1;300;1594252800;0;749.73
10;200;1593216000;1;817.05
9;200;1630713600;0;567.73
10;300;1637798400;0;707.48
5;300;1637712000;3;474.24
7;200;1637971200;3;252.87
1;100;1603843200;0;842.14
0;100;1585872000;2;43.2
8;200;1639785600;1;398.54
0;300;1618876800;2;394.13
5;100;1629676800;2;300.3
0;200;1599609600;3;94.59
8;300;1608249600;1;363.1
5;100;1610928000;0;694.4
6;300;1641168000;2;747.17
4;300;1606953600;2;131.81
0;200;1632700800;3;661.69
8;200;1637193600;0;664.47
7;200;1635724800;2;206.66
4;100;1597190400;3;634.15
2;300;1619827200;0;796.95
0;100;1611878400;1;291.29
4;300;1596758400;3;842.76
7;200;1594684800;1;143.67
8;100;1623283200;2;746.78
2;200;1633046400;0;2.18
0;300;1585094400;3;418.4
6;300;1611792000;2;449.58
2;100;1612828800;2;439.37
0;200;1593561600;1;536.88
10;300;1608681600;0;148.66
5;100;1591574400;1;159.89
7;300;1629936000;1;478.55
10;100;1602720000;1;218.73
10;100;1624752000;2;879.86
0;300;1628035200;2;32.58
6;100;1616803200;0;404.8
3;100;1594857600;2;521.4
1;300;1639440000;3;271.55
10;200;1640044800;2;37.92
7;100;1614902400;0;718.26
10;100;1617494400;2;88.31
9;100;1624924800;0;508.34
7;200;1600128000;2;988.56
1;300;1647907200;0;627.82
2;100;1598745600;0;768.29
5;300;1586044800;1;899.72
1;200;1581379200;3;730.97
5;100;1658361600;0;964.02
3;300;1628726400;3;190.11
7;300;1605139200;3;937.88
6;200;1585612800;3;724.03
0;300;1658966400;2;26.82
1;300;1650758400;1;738.8
1;100;1598659200;2;129.32
5;200;1589241600;2;640.94
0;200;1589846400;3;615.29
2;100;1586736000;0;967.84
0;300;1645488000;0;867.54
3;200;1590883200;2;83.13
8;100;1651881600;0;799.87
8;300;1626393600;1;409.45
10;200;1640304000;3;115.93
6;200;1625875200;0;992.53
3;300;1629763200;1;901.52
1;300;1643500800;1;934.85
7;100;1582156800;0;899.43
7;300;1663977600;1;531.95
10;100;1589673600;3;854.17
2;200;1653696000;0;39.28
0;200;1659225600;3;13.85
1;100;1647302400;3;615.44
1;300;1593043200;2;329.88
4;300;1627948800;0;650.81
5;300;1601251200;3;613.77
1;100;1661644800;3;853.93
6;100;1618272000;1;894.45
3;100;1590969600;3;710.48
8;100;1651622400;3;223.79
5;300;1582761600;2;318.02
7;100;1582416000;3;157.14
9;200;1658793600;2;184.5
3;200;1644278400;2;104.22
2;300;1597276800;2;90.2
6;200;1620086400;0;319.56
3;200;1609632000;3;434.89
4;100;1635638400;1;114.15
7;300;1595894400;0;337.13
10;100;1638144000;1;323.32
7;100;1644796800;3;314.09
6;200;1581552000;0;553.39
4;200;1637107200;2;847.96
9;200;1604966400;1;597.79
1;100;1587254400;3;397.2
8;100;1651190400;1;762.96
0;100;1648857600;1;161.98
3;200;1643155200;0;103.83
6;300;1657411200;0;413.79
3;300;1661904000;2;0.1
9;200;1590537600;2;141.37
7;100;1615939200;0;578.08
4;100;1623456000;1;752.31
10;300;1632960000;2;406.16
7;300;1638403200;1;821.61
8;300;1641772800;2;516.75
3;300;1584748800;1;373.88
5;100;1656374400;1;352.22
10;300;1610755200;0;655.74
9;100;1646179200;0;199.38
10;300;1642032000;0;731.18
2;100;1595376000;1;534.9
5;100;1609545600;3;508.66
7;200;1649203200;3;560.92
5;100;1615248000;3;533.88
8;300;1645747200;3;465.93
3;300;1579737600;2;735.52
8;100;1590451200;1;151.28
2;200;1649462400;3;287.44
5;300;1587513600;1;314.96
5;200;1628899200;2;484.5
4;300;1639440000;0;478.21
1;200;1656201600;1;297.18
6;100;1640304000;2;143.53
7;200;1644710400;0;788.64
4;300;1590710400;3;164.87
0;100;1655596800;0;219.76
9;200;1579046400;2;215.5
7;200;1586736000;0;141.3
8;300;1649289600;2;560.24
1;100;1659225600;0;412.1
6;100;1602460800;0;282.88
0;300;1598659200;1;380.31
3;100;1594771200;0;610.43
2;200;1625097600;3;344.13
0;200;1618531200;2;563.16
5;300;1664236800;1;500.83
5;200;1621555200;1;146.91
8;300;1645920000;0;247.98
4;100;1640044800;3;253.89
0;300;1613865600;0;852.08
2;100;1640822400;1;40.52
7;300;1638057600;2;829.97
6;100;1647648000;3;992.44
9;300;1657670400;1;252.35
9;300;1621900800;0;977.11
4;300;1590969600;2;78.32
5;200;1655510400;0;392.12
8;300;1612310400;0;645.94
5;100;1589241600;1;138.46
1;300;1632009600;3;577.25
5;300;1580688000;0;724.15
10;200;1586736000;2;160.29
0;200;1649030400;0;533.74
2;300;1634428800;3;139.62
8;300;1583193600;0;372.5
6;100;1624147200;2;960.45
1;100;1647216000;3;819.32
6;100;1662076800;3;550.54
4;100;1643673600;1;561.87
5;200;1619740800;2;659.95
10;100;1603065600;2;826.56
5;100;1587254400;2;532.18
6;200;1618617600;0;620.89
7;200;1611273600;1;830.65
2;300;1592179200;2;317.96
1;300;1631750400;1;305.15
8;200;1649721600;3;109.89
5;100;1588032000;2;997.8
1;200;1587945600;0;287.13
0;100;1655510400;2;555.24
5;100;1619049600;0;111.01
6;200;1651104000;3;744.27
10;300;1652832000;1;54.41
1;200;1603497600;2;9.12
6;100;1599696000;0;407.39
7;200;1653955200;2;46.38
4;200;1578441600;0;869.17
9;200;1592352000;0;48.65
8;300;1598659200;3;689.72
6;100;1592006400;1;382.95
0;200;1645142400;0;462.99
7;100;1635984000;0;806.58
1;200;1646870400;0;927.41
8;300;1634515200;0;56.96
10;100;1628035200;2;150.48
10;300;1662508800;2;991.69
3;300;1643760000;1;305.93
8;100;1647561600;3;967.01
8;100;1583280000;1;426.51
7;300;1628294400;1;138.44
1;100;1616457600;2;897.37
6;200;1597536000;1;255.4
5;300;1634342400;1;363.41
6;200;1653868800;2;979.83
6;200;1580515200;0;369.58
6;200;1595289600;2;989.14
1;100;1626739200;3;133.05
6;200;1578355200;3;740.25
7;100;1593302400;1;556.59
8;300;1601942400;1;262.01
9;300;1591228800;2;722.71
10;100;1636070400;2;525.56
5;200;1595635200;3;189.85
4;100;1641168000;0;493.72
4;300;1630108800;1;757.75
0;200;1626134400;2;661.94
1;100;1647216000;2;671.2
0;300;1615680000;1;44.22
7;100;1596758400;1;401.98
3;300;1645488000;0;507.66
6;300;1610496000;1;277.99
9;100;1642723200;3;139.83
1;300;1632700800;3;2.9
3;200;1616889600;1;55.02
3;300;1581811200;0;389.26
7;100;1578960000;3;915.96
2;300;1581811200;0;965.7
7;300;1610150400;0;174.11
7;300;1630886400;2;772.83
7;300;1608508800;0;878.71
2;300;1644883200;2;132.15
3;200;1647993600;1;698.82
2;300;1648944000;1;535.75
6;200;1588291200;0;705.3
2;200;1579046400;1;558.54
7;200;1591660800;1;149.9
1;100;1590969600;2;786.61
0;300;1622505600;0;460.68
8;200;1663459200;1;680.54
0;300;1631404800;1;186.82
7;100;1651622400;0;57.62
10;300;1617926400;3;694.31
5;100;1630022400;1;292.96
8;200;1632182400;1;575.03
9;100;1623369600;1;489.74
4;200;1580083200;3;673.15
9;100;1586995200;1;752.23
1;200;1600992000;0;790.99
5;200;1635811200;3;742.32
2;100;1649116800;3;204.48
10;300;1581897600;3;568.59
6;200;1626393600;2;567.6
0;200;1647129600;1;939.71
2;300;1632873600;3;232.95
3;300;1595030400;2;909.35
4;300;1581120000;3;52.5
6;300;1659139200;2;606.5
0;300;1609286400;1;754.19
3;300;1584662400;2;285.11
1;300;1604275200;0;25.08
6;100;1592006400;3;598.1
0;300;1602460800;1;71.11
7;100;1654387200;2;266.86
3;200;1596585600;2;287.89
9;300;1663286400;1;530.84
6;200;1650240000;3;445.27
3;300;1643932800;1;303.15
2;100;1657152000;2;892.71
0;300;1634947200;3;949.41
4;200;1637020800;0;710.04
5;100;1654819200;0;371.21
1;100;1607472000;2;912.33
3;100;1619136000;1;585.09
7;200;1600473600;1;533.59
3;100;1592524800;1;473.27
5;200;1599177600;2;199.9
7;300;1588464000;1;959.55
0;100;1655769600;1;727.9
4;100;1614988800;0;643.22
5;200;1589932800;1;526.83
6;200;1597104000;2;512.77
1;100;1619481600;0;358.57
2;300;1618099200;0;309.91
3;300;1630713600;1;295.81
7;200;1618617600;3;885.12
2;100;1609632000;0;941.5
4;200;1626134400;2;394.63
6;300;1604707200;3;146.53
0;200;1635120000;3;916.25
7;200;1643587200;3;406.17
2;300;1609372800;2;911.16
0;300;1582070400;2;989.93
9;200;1596585600;2;948.49
1;100;1631923200;3;619.21
6;300;1663632000;3;187.6
6;300;1626307200;2;742.86
0;200;1642896000;2;934.96
10;300;1602979200;0;369.89
1;200;1595894400;2;217.57
5;300;1634947200;2;407.03
10;100;1628294400;1;617.8
2;100;1604880000;2;219.99
9;200;1589414400;3;506.64
5;100;1608336000;0;636.56
1;100;1581206400;3;654.39
8;200;1580774400;2;956.12
7;200;1633737600;1;145.28
3;200;1657152000;1;66.43
4;200;1662249600;1;798.35
8;300;1648598400;1;83.21
1;100;1643328000;1;14.1
9;100;1640649600;2;341.79
1;300;1596844800;2;564.1
1;300;1651968000;1;160.2
0;200;1629244800;1;737.38
0;200;1633478400;2;235.74
7;300;1588118400;1;286.57
2;300;1630195200;2;907.74
8;300;1597363200;3;154.17
0;300;1588032000;1;455.74
8;200;1644710400;2;29.53
9;100;1653436800;1;451.42
3;300;1663372800;3;749.25
7;100;1591228800;2;770.71
8;300;1660608000;0;854.04
4;200;1620950400;3;708.61
3;200;1627776000;2;400.64
6;100;1602806400;1;586.48
3;200;1648857600;1;325.3
9;200;1657756800;0;457.23
10;100;1608249600;0;192.78
5;100;1587945600;0;614.64
4;300;1629504000;0;446.78
10;200;1605744000;2;805.58
4;200;1611014400;1;524.48
4;100;1604966400;1;845.0
10;300;1632096000;3;910.91
4;300;1658188800;1;698.45
0;300;1615161600;1;145.12
5;300;1627257600;2;981.15
9;200;1663632000;0;786.31
0;300;1654041600;2;547.66
2;100;1637712000;3;395.95
8;100;1647043200;3;655.19
2;200;1655942400;3;783.49
1;200;1631404800;1;503.6
0;200;1599004800;2;461.53
8;300;1605052800;1;926.52
7;300;1602028800;0;179.1
10;100;1636675200;2;680.0
1;100;1643414400;2;258.08
8;100;1617408000;2;498.34
8;300;1633219200;1;798.05
9;100;1582156800;2;669.52
8;100;1652745600;0;46.59
2;200;1595116800;2;144.87
6;100;1592006400;3;74.68
7;200;1640736000;0;442.11
4;100;1618963200;2;179.37
9;300;1606262400;1;857.96
1;300;1660867200;2;825.51
2;100;1629590400;2;206.36
4;100;1598486400;1;739.8
1;100;1621987200;1;363.37
4;300;1579219200;3;456.04
3;300;1600473600;1;149.13
2;100;1615939200;1;265.24
6;100;1606435200;2;557.81
10;100;1592092800;3;390.19
6;300;1584835200;3;672.44
5;100;1629504000;2;686.16
9;300;1603238400;3;16.22
1;200;1660780800;1;598.38
2;100;1585612800;0;885.9
7;300;1655856000;2;522.72
3;100;1630108800;0;623.8
0;100;1620000000;2;750.23
2;300;1621468800;1;967.17
7;200;1653609600;1;595.92
2;300;1585094400;1;643.99
10;300;1583884800;1;843.45
4;200;1588032000;1;246.98
0;200;1601164800;3;285.1
1;300;1604448000;0;574.45
10;100;1598486400;3;758.11
9;100;1600214400;0;692.07
2;100;1645401600;2;512.63
4;200;1639267200;3;328.33
2;200;1644451200;1;950.6
7;100;1630195200;2;565.44
2;300;1591401600;0;549.57
0;200;1583884800;1;468.67
10;300;1601683200;3;633.75
2;200;1620950400;3;492.74
8;200;1606780800;1;668.05
7;200;1612224000;0;883.36
4;100;1623715200;3;490.91
7;100;1578614400;0;510.01
3;300;1643414400;2;882.07
3;300;1605139200;3;23.25
2;100;1607558400;3;26.47
2;200;1582502400;1;670.32
4;300;1612137600;0;50.16
3;300;1579651200;2;429.08
5;300;1648252800;0;770.51
0;200;1625875200;0;439.2
8;300;1583884800;2;621.79
10;300;1630540800;1;88.9
2;300;1611705600;2;385.8
10;300;1608163200;2;264.55
5;100;1626393600;3;713.83
7;300;1647907200;0;304.64
0;100;1658102400;3;569.83
5;100;1623974400;2;95.35
7;300;1617926400;1;550.08
9;200;1579478400;0;949.11
0;100;1589068800;0;865.76
10;100;1590105600;1;256.39
10;100;1581724800;1;188.8
2;100;1640649600;2;613.27
8;100;1580774400;2;825.12
4;200;1650844800;0;908.7
3;200;1598659200;0;500.22
3;100;1645833600;3;106.58
10;100;1618012800;3;466.76
2;300;1618012800;2;571.81
0;100;1590192000;3;782.05
4;200;1583539200;0;205.22
5;300;1628812800;3;275.98
9;300;1583712000;3;736.2
3;100;1591142400;2;755.23
0;300;1623196800;2;527.27
5;200;1614729600;3;795.5
6;100;1660867200;0;973.91
9;300;1619049600;1;74.42
9;100;1633737600;2;424.93
1;100;1599782400;0;443.79
2;300;1589414400;1;753.33
7;100;1661299200;1;905.15
3;200;1588982400;3;65.0
4;300;1587513600;3;980.46
0;200;1585353600;3;495.97
9;100;1618790400;2;379.17
9;200;1596153600;0;943.28
6;100;1661904000;3;940.82
8;200;1639872000;0;324.08
4;300;1638576000;3;666.59
9;300;1605139200;2;713.07
3;200;1593993600;1;555.78
2;300;1662076800;1;460.16
4;200;1657238400;0;432.02
0;200;1586217600;2;284.8
5;300;1651104000;3;554.66
0;200;1621987200;0;763.1
4;300;1593648000;3;346.6
7;300;1584316800;3;213.71
6;200;1644192000;2;80.87
1;200;1607644800;2;682.37
1;100;1635984000;2;313.54
5;100;1595980800;3;708.13
1;100;1626825600;1;476.59
5;100;1623024000;3;729.47
2;300;1605657600;0;687.89
8;200;1591660800;2;582.41
10;300;1592006400;1;299.88
5;100;1654214400;3;244.46
5;300;1615161600;3;556.51
3;200;1630368000;0;706.26
0;300;1652659200;2;391.4
2;300;1598140800;2;831.66
0;200;1600214400;2;548.74
8;100;1600732800;2;780.04
0;100;1596067200;1;597.6
6;300;1588896000;0;473.47
6;300;1614988800;3;140.6
7;100;1591315200;1;71.31
4;200;1594339200;0;973.93
10;300;1588982400;3;595.88
3;300;1613606400;2;641.43
10;300;1623974400;3;439.73
6;300;1623974400;0;603.66
10;100;1650326400;1;686.18
5;200;1583971200;2;873.77
9;300;1593820800;1;580.83
3;100;1649721600;1;494.31
7;200;1645833600;3;853.86
3;200;1611705600;1;635.24
2;200;1589846400;2;958.42
6;100;1592524800;2;878.79
5;200;1661126400;2;196.7
2;100;1603411200;1;769.29
3;200;1644537600;3;379.98
5;200;1621555200;2;435.74
1;200;1596326400;0;330.29
10;300;1660003200;2;521.6
0;100;1635811200;2;808.86
6;200;1588464000;1;965.18
2;300;1660867200;2;756.44
6;300;1662940800;3;717.8
8;300;1598918400;2;393.23
6;300;1642982400;3;419.91
5;200;1658620800;3;407.13
0;100;1624233600;1;563.83
4;300;1647302400;0;314.34
2;300;1585094400;0;941.93
3;300;1579910400;0;324.45
0;300;1663286400;2;436.6
2;100;1585440000;3;372.63
2;200;1623542400;0;627.91
9;100;1644451200;0;611.3
5;300;1599264000;1;852.35
7;100;1649980800;3;482.2
4;300;1589760000;1;246.2
8;200;1595980800;1;669.84
7;300;1610841600;3;479.32
5;100;1654041600;3;797.92
10;300;1586044800;3;543.97
5;300;1619481600;0;316.67
0;300;1610323200;2;44.44
5;300;1609459200;2;623.82
5;300;1646784000;3;838.9
3;200;1660780800;2;465.5
9;200;1651881600;1;509.54
5;300;1613520000;3;800.18
5;200;1661299200;2;964.73
6;100;1614902400;0;774.04
10;100;1602115200;0;64.06
1;300;1593734400;0;139.54
2;100;1606435200;3;703.06
10;100;1646006400;1;88.67
3;300;1597190400;0;662.59
9;200;1613779200;1;275.85
1;300;1606521600;3;862.23
10;300;1630108800;2;459.96
10;100;1624924800;3;537.66
4;100;1587686400;1;655.46
1;100;1644537600;2;2.48
0;100;1622592000;0;763.87
10;300;1635292800;2;389.99
0;100;1624838400;2;401.85
0;100;1639008000;2;125.62
0;300;1630281600;3;638.86
10;300;1591315200;2;39.0
1;200;1583539200;1;888.16
4;100;1621382400;3;576.75
3;300;1661731200;1;354.04
8;200;1615075200;1;49.52
7;200;1639008000;0;861.52
2;300;1613347200;0;527.76
2;100;1615507200;1;679.68
6;200;1592179200;1;470.74
0;200;1658707200;2;828.38
6;300;1632873600;3;998.97
9;200;1644883200;1;55.26
3;300;1635120000;3;874.41
8;100;1638748800;3;380.72
7;100;1606348800;1;69.48
7;100;1606089600;0;744.65
3;100;1579478400;1;432.3
4;200;1611014400;1;368.22
6;100;1578355200;2;449.86
5;100;1662768000;1;191.08
1;100;1586217600;2;157.7
1;100;1646352000;1;860.7
2;200;1633305600;1;54.05
8;300;1584748800;3;208.19
6;100;1605571200;1;231.78
3;200;1628467200;1;931.24
3;200;1612224000;0;451.91
9;100;1647475200;1;440.84
9;200;1613865600;0;960.07
0;200;1652313600;3;964.18
0;200;1634256000;3;99.01
7;300;1634947200;3;730.25
10;100;1657843200;3;221.33
2;300;1604361600;0;197.18
6;300;1596067200;1;99.15
7;100;1647388800;3;914.31
6;300;1636502400;0;496.85
2;300;1579651200;2;562.23
0;300;1602806400;3;432.2
2;300;1627344000;1;460.82
1;100;1580601600;1;632.9
6;100;1610668800;2;482.2
1;300;1637193600;2;42.32
2;300;1597449600;0;95.0
10;200;1586908800;3;213.97
4;300;1581811200;1;503.16
0;300;1590364800;2;936.1
0;200;1650412800;1;297.99
1;300;1629676800;2;751.63
5;100;1581811200;1;332.71
8;300;1583452800;2;447.94
4;200;1633132800;1;600.35
3;200;1641859200;3;969.14
3;100;1654128000;2;767.76
1;300;1618876800;2;792.02
0;200;1647388800;3;634.05
4;300;1650585600;1;19.87
9;200;1596326400;1;917.38
0;200;1645228800;0;570.97
7;300;1627430400;0;362.88
10;100;1621296000;2;773.42
2;100;1647734400;0;256.27
7;200;1582070400;0;205.03
8;300;1629676800;2;617.56
10;300;1662076800;0;604.02
4;200;1635724800;1;870.72
10;300;1580860800;3;747.29
9;100;1604361600;1;429.12
8;100;1603065600;2;870.31
3;100;1645228800;0;398.43
0;100;1619395200;2;612.95
8;100;1663286400;2;447.27
0;100;1633564800;3;715.16
1;300;1621641600;2;925.03
3;300;1632009600;0;943.02
2;200;1663632000;3;202.67
6;100;1596499200;1;998.36
1;100;1634860800;2;549.6
2;300;1652918400;3;169.25
0;300;1585699200;3;900.24
10;300;1613692800;1;188.13
4;300;1652140800;1;853.54
0;300;1583193600;2;369.34
3;300;1614729600;1;264.69
7;100;1612396800;2;319.43
7;200;1626652800;1;232.19
0;100;1598659200;2;721.02
7;300;1598486400;3;858.17
3;200;1591574400;3;412.16
9;100;1614988800;0;521.37
7;300;1656374400;3;686.32
1;300;1646006400;1;14.22
6;300;1629158400;2;153.83
3;300;1613347200;1;928.01
6;300;1656460800;0;489.02
4;100;1595030400;1;42.85
0;100;1596153600;3;178.11
5;300;1599523200;0;553.71
5;300;1603411200;3;561.22
5;100;1650931200;0;117.75
7;200;1657497600;3;185.9
5;200;1637625600;2;416.19
9;200;1627603200;3;673.74
5;300;1589155200;2;46.98
2;100;1591488000;0;525.74
4;100;1602979200;0;688.13
7;100;1578441600;3;599.9
9;100;1648598400;3;916.12
8;300;1583107200;1;744.08
0;300;1633478400;3;709.6
2;300;1579564800;1;187.24
3;200;1624924800;0;32.71
5;100;1601510400;3;431.01
8;300;1599091200;1;927.7
0;100;1601078400;2;130.15
5;300;1607126400;1;86.05
6;200;1641427200;1;22.44
1;300;1652054400;2;934.88
3;200;1644364800;1;557.64
2;200;1613174400;2;401.23
9;300;1604448000;0;858.93
3;300;1639612800;1;899.0
4;200;1609286400;1;226.82
6;100;1620604800;2;957.15
10;300;1585094400;1;276.3
10;100;1605398400;2;407.92
8;200;1639526400;2;2.61
8;100;1653091200;1;850.45
0;200;1609977600;3;380.66
8;200;1635206400;3;546.94
10;200;1619049600;0;590.67
7;100;1638835200;2;300.27
9;300;1614124800;0;499.0
5;300;1630627200;1;163.58
5;300;1652832000;3;241.89
5;300;1623974400;2;925.83
1;200;1600560000;2;524.31
7;100;1645142400;2;28.75
1;100;1642896000;3;699.81
5;300;1605052800;1;489.32
7;200;1643500800;2;895.2
1;100;1658966400;1;161.03
0;200;1590710400;3;372.34
5;200;1597017600;1;95.03
5;200;1581379200;1;796.04
5;200;1601164800;0;761.4
2;300;1591142400;2;136.69
4;100;1629849600;2;986.4
5;100;1631145600;3;994.44
1;200;1642204800;1;320.57
0;200;1663545600;2;933.86
4;100;1610150400;0;480.93
3;200;1601251200;0;669.48
1;100;1607644800;1;644.46
3;200;1645747200;2;893.91
0;200;1599436800;2;897.39
6;100;1605052800;2;572.0
0;300;1582934400;0;615.25
6;300;1636848000;0;885.46
1;200;1611878400;3;978.69
10;100;1596067200;0;732.36
10;200;1663200000;0;755.52
9;200;1662508800;3;250.3
1;200;1615766400;0;346.36
7;300;1613952000;3;486.09
5;300;1662076800;0;653.19
6;300;1622246400;0;766.86
8;100;1663372800;3;395.07
5;200;1643587200;2;222.64
2;100;1654128000;0;1.53
8;200;1655596800;0;782.58
4;200;1651968000;0;558.04
4;200;1651968000;1;108.88
0;300;1603584000;2;721.71
0;100;1640563200;2;397.88
6;100;1591228800;3;207.58
0;300;1604793600;1;213.14
0;300;1590796800;2;892.47
3;100;1647043200;0;90.86
7;300;1648080000;0;29.96
10;200;1636329600;3;590.98
0;100;1598832000;2;109.03
9;200;1652832000;2;429.01
2;300;1635724800;2;135.0
8;300;1625529600;2;148.42
0;300;1660003200;0;905.45
4;300;1594339200;1;265.1
10;300;1607904000;1;490.32
8;200;1582934400;2;385.89
3;200;1588032000;0;570.81
1;300;1659052800;1;470.75
2;300;1615766400;3;614.39
8;200;1624147200;0;97.77
6;300;1654041600;1;157.64
6;100;1590883200;0;321.84
3;100;1664150400;0;881.92
9;100;1644883200;1;377.56
1;300;1606694400;0;727.14
8;100;1656979200;0;920.14
8;100;1637193600;3;662.26
7;100;1637280000;2;484.69
3;300;1618531200;2;887.03
5;100;1626048000;2;401.31
8;200;1612656000;2;442.84
2;200;1608076800;1;406.54
9;100;1659744000;0;551.95
3;200;1595635200;2;344.79
10;300;1578096000;0;860.7
1;300;1615075200;2;811.94
5;200;1614729600;1;868.2
3;200;1601424000;0;309.28
9;100;1632873600;3;357.57
3;200;1618790400;0;409.25
5;100;1655251200;0;124.9
4;100;1662595200;0;622.08
10;300;1594252800;3;945.18
2;100;1641513600;0;176.63
9;200;1652832000;1;343.66
3;300;1655683200;2;846.31
5;200;1663113600;3;23.23
5;300;1615161600;2;473.78
5;300;1599264000;2;110.14
6;200;1647820800;3;643.53
8;100;1615680000;0;308.66
3;300;1592265600;2;444.32
7;200;1608076800;1;586.14
3;200;1660089600;3;942.47
5;200;1623715200;0;85.82
7;300;1642291200;2;187.32
7;200;1605744000;0;541.82
6;100;1601596800;1;69.79
3;200;1659052800;0;912.19
10;300;1634342400;0;852.7
10;100;1621296000;3;528.02
5;200;1660176000;1;679.51
0;100;1643241600;1;761.84
8;100;1598227200;0;129.33
3;100;1593648000;2;101.2
2;200;1608940800;2;969.57
6;200;1609286400;0;87.88
8;300;1584662400;2;809.61
0;200;1605657600;0;268.31
1;300;1638921600;1;537.57
7;200;1634256000;3;425.03
1;200;1624060800;3;886.43
9;200;1635638400;3;65.64
7;200;1631404800;3;421.07
10;300;1608336000;0;768.18
8;200;1661904000;0;961.57
9;200;1611446400;2;582.63
6;300;1613520000;2;455.03
0;300;1626912000;0;413.0
0;100;1582934400;1;475.69
7;200;1586563200;0;348.2
2;100;1626048000;3;911.18
5;100;1626739200;3;697.4
6;300;1661817600;1;926.37
2;200;1584057600;2;789.38
2;100;1586304000;3;32.23
0;100;1663459200;1;83.8
4;100;1616803200;2;344.36
5;100;1633737600;0;247.29
10;100;1616630400;2;837.25
1;300;1632355200;3;945.95
9;200;1645056000;1;315.37
7;200;1580688000;0;150.5
2;200;1611446400;3;632.73
8;200;1627603200;1;439.62
2;300;1635465600;0;57.55
3;200;1629072000;2;511.18
2;300;1659571200;1;872.66
1;100;1645142400;0;375.91
8;100;1612137600;3;615.04
5;300;1606780800;3;173.15
9;100;1637280000;1;845.76
10;100;1623801600;2;341.61
4;100;1595289600;3;536.69
1;300;1634256000;1;204.68
9;300;1620518400;0;398.43
7;300;1628121600;1;93.97
7;100;1660608000;3;495.12
10;100;1640044800;2;782.21
6;300;1583452800;0;429.27
2;100;1589241600;0;542.05
10;100;1581379200;3;817.72
0;300;1606953600;3;586.58
1;300;1634947200;2;312.4
9;200;1599091200;1;497.89
2;200;1586131200;2;87.03
6;300;1659225600;3;619.26
1;100;1581811200;0;376.53
8;300;1645142400;2;48.66
5;100;1629849600;1;967.2
2;100;1608076800;1;193.01
6;200;1593302400;2;594.76
9;300;1600041600;1;0.86
2;300;1585785600;3;805.12
2;300;1617408000;1;336.66
2;300;1656892800;2;436.41
7;200;1632960000;2;247.9
1;100;1599350400;0;27.77
3;100;1630540800;2;751.6
6;100;1607126400;1;279.13
10;300;1635120000;1;202.69
2;300;1596499200;0;573.76
5;100;1659398400;0;70.71
2;100;1592265600;1;905.99
5;300;1610582400;2;973.66
5;100;1653523200;2;935.83
10;300;1597363200;1;930.4
10;200;1654387200;0;696.75
5;200;1586822400;3;898.2
1;200;1647820800;1;787.22
3;100;1628121600;2;306.5
2;200;1616025600;1;34.86
9;300;1652227200;3;49.33
4;200;1617235200;0;13.36
10;100;1584835200;3;106.7
7;100;1626739200;0;648.27
6;100;1653868800;2;558.63
6;200;1657843200;3;511.0
10;100;1635379200;1;635.81
9;100;1585612800;1;766.59
5;200;1657670400;0;421.78
0;200;1642204800;1;892.82
4;200;1591228800;0;646.65
0;100;1584489600;1;246.86
7;300;1643414400;1;211.09
2;100;1641081600;1;552.82
8;200;1654732800;0;966.61
7;300;1587427200;0;942.53
5;200;1588550400;2;450.06
4;200;1579651200;3;471.67
9;100;1635552000;0;828.45
6;200;1633910400;1;812.28
3;300;1630540800;1;650.21
8;100;1589328000;1;594.13
1;300;1579132800;2;107.96
1;200;1650499200;3;190.6
0;300;1608076800;1;505.55
10;200;1633996800;3;430.5
4;200;1578009600;1;257.57
8;200;1654128000;1;978.38
10;300;1654300800;1;103.12
7;300;1591056000;1;736.73
1;300;1645660800;1;605.65
0;100;1657929600;2;909.58
6;300;1616803200;2;106.99
5;100;1617062400;2;930.87
8;200;1644192000;0;530.2
9;100;1602201600;2;11.56
0;300;1592179200;3;725.32
6;200;1660521600;3;453.21
4;200;1636848000;1;638.22
1;100;1662681600;2;386.92
1;200;1640563200;2;482.82
10;300;1627689600;0;562.52
10;300;1581120000;0;983.33
2;300;1661990400;1;862.44
6;100;1578787200;3;750.91
1;100;1643932800;0;286.14
6;300;1652572800;1;935.18
1;300;1587168000;3;401.34
3;200;1601942400;3;591.22
9;200;1591660800;1;479.18
6;300;1630800000;2;342.12
1;100;1641772800;1;3.05
3;100;1627516800;1;321.6
9;100;1634342400;2;127.27
10;100;1631404800;0;899.83
10;300;1620950400;3;272.82
10;300;1627948800;2;699.43
9;200;1630886400;3;971.87
7;200;1655769600;1;932.59
1;200;1649203200;0;263.11
1;200;1656633600;3;630.83
8;300;1615248000;0;685.98
9;200;1624752000;1;400.83
5;300;1624838400;1;176.08
2;100;1617148800;0;293.84
2;100;1659312000;1;192.88
7;200;1614124800;2;461.2
6;100;1628553600;3;402.43
7;100;1588723200;3;855.75
10;100;1607817600;2;317.42
5;300;1585612800;1;380.71
1;300;1593475200;2;816.45
6;300;1624924800;2;248.25
8;200;1638144000;3;479.87
1;200;1615334400;2;876.46
8;200;1615507200;0;438.29
10;100;1658448000;3;693.01
10;100;1623283200;2;897.71
2;300;1643068800;3;911.37
0;100;1602201600;0;679.73
0;200;1578441600;3;411.86
0;100;1624147200;2;520.4
7;300;1649894400;3;650.91
9;300;1587859200;0;974.69
6;300;1594425600;3;954.37
6;300;1630368000;3;187.61
1;100;1630713600;0;949.12
3;200;1633996800;2;813.46
10;100;1660521600;2;694.91
6;300;1640044800;2;508.2
10;100;1588550400;3;328.34
3;200;1588377600;2;231.98
6;100;1621382400;3;195.8
2;200;1629590400;0;366.71
5;300;1594080000;2;432.92
4;200;1625875200;3;598.65
8;300;1598572800;3;948.95
1;100;1590624000;0;700.89
0;200;1646611200;1;638.7
1;200;1613260800;1;936.7
1;100;1611705600;2;569.52
6;100;1644624000;1;906.53
5;300;1631577600;0;476.01
1;100;1658102400;2;178.07
3;200;1579996800;2;382.38
2;100;1663459200;1;862.98
3;100;1649116800;1;626.04
9;300;1590710400;3;47.76
2;100;1627430400;0;698.67
2;300;1650240000;2;134.3
0;200;1591228800;1;334.84
6;300;1649548800;0;64.35
10;100;1615075200;3;914.13
6;200;1593388800;3;760.86
9;200;1588550400;2;467.39
6;100;1596585600;0;676.2
10;200;1611705600;2;398.01
2;200;1597968000;1;247.47
5;200;1590105600;2;10.1
0;200;1606953600;0;689.93
5;100;1630454400;3;694.44
4;300;1625616000;3;813.01
8;300;1627948800;0;185.3
0;100;1591228800;2;185.84
0;200;1610150400;0;893.13
3;100;1598313600;0;480.44
9;200;1593475200;1;741.88
0;100;1655942400;1;87.94
6;300;1630627200;0;375.28
2;300;1626393600;3;114.97
7;300;1646697600;1;824.84
10;100;1628380800;2;350.51
1;200;1622419200;0;460.42
8;200;1585785600;2;279.53
7;100;1647993600;1;714.88
1;100;1610064000;2;279.42
3;100;1582588800;0;363.63
5;100;1640908800;1;672.74
0;100;1638748800;1;274.51
0;200;1655856000;3;193.41
5;300;1595116800;2;778.98
0;300;1638835200;0;703.35
2;100;1608508800;0;781.2
6;100;1617321600;0;916.88
9;100;1649030400;1;739.37
1;200;1591142400;0;900.84
10;200;1643587200;0;776.07
9;100;1643587200;1;182.81
9;300;1641168000;1;18.38
0;300;1595721600;0;979.58
7;100;1611619200;1;642.23
1;300;1622073600;3;544.41
6;300;1611964800;3;771.3
4;100;1591660800;3;156.87
5;300;1657238400;1;133.59
3;100;1611964800;0;586.21
6;200;1642636800;1;818.02
7;200;1597276800;3;999.1
9;200;1608336000;1;134.3
2;200;1577923200;1;114.36
10;100;1624838400;1;515.11
9;200;1590969600;3;789.2
3;100;1618099200;0;466.92
8;200;1641859200;0;427.12
2;200;1639094400;1;138.71
5;200;1595289600;0;903.71
8;200;1581033600;3;820.08
5;100;1597449600;2;723.7
9;200;1635120000;2;524.19
2;200;1626652800;3;743.86
10;100;1583971200;0;220.81
6;300;1593216000;1;313.58
4;100;1585094400;2;238.83
10;300;1636156800;0;957.79
3;300;1626393600;1;806.41
6;300;1589587200;2;419.8
9;100;1655424000;3;40.31
6;300;1634256000;1;93.01
10;300;1585526400;1;552.39
2;100;1609459200;1;248.49
0;300;1650585600;0;308.59
3;300;1633305600;1;616.17
7;100;1639440000;3;439.89
9;200;1597363200;2;286.7
8;100;1628553600;2;536.31
4;300;1611619200;3;71.33
9;300;1592265600;0;466.21
8;100;1622332800;2;964.37
1;200;1603584000;1;63.39
10;200;1591488000;0;269.55
0;100;1648512000;0;542.78
8;200;1611532800;1;499.18
6;200;1642291200;1;986.48
10;200;1591142400;2;548.84
4;100;1598227200;2;110.0
2;100;1629676800;3;15.8
2;200;1623369600;3;968.26
0;200;1621641600;2;898.54
5;100;1649116800;0;440.6
0;200;1632528000;0;158.74
8;200;1616284800;2;615.65
8;300;1645574400;3;10.78
5;100;1611792000;1;792.65
10;200;1653264000;2;331.08
6;300;1584576000;3;382.32
6;200;1615248000;1;782.07
4;300;1625788800;2;651.11
8;100;1622246400;3;930.51
5;100;1633737600;0;947.07
0;100;1646611200;0;659.41
6;200;1639008000;3;811.74
10;100;1642377600;2;538.5
5;200;1661212800;2;19.26
9;200;1606867200;0;401.27
6;200;1642723200;0;410.83
10;300;1636243200;1;223.66
6;200;1649894400;2;838.25
1;100;1647993600;1;63.89
10;100;1593907200;3;154.94
10;100;1635724800;1;108.98
8;300;1634169600;2;950.21
6;200;1619654400;2;301.62
8;300;1644364800;1;67.36
10;200;1595376000;3;5.86
7;300;1617667200;2;541.02
4;200;1633651200;3;636.01
1;300;1599350400;3;65.51
10;100;1611964800;3;106.25
4;200;1609545600;1;468.9
9;100;1592265600;2;139.34
5;300;1611619200;3;817.3
7;100;1596758400;3;733.78
5;200;1661299200;2;809.66
4;300;1614816000;0;939.85
5;300;1620518400;1;276.55
10;100;1616112000;2;709.11
10;200;1589328000;2;389.68
10;300;1630281600;3;952.3
2;200;1612742400;0;909.13
3;300;1658707200;2;386.68
0;200;1617580800;0;878.92
7;200;1645142400;1;680.29
9;200;1601769600;3;8.29
10;100;1660262400;3;964.15
2;200;1659052800;3;20.93
1;300;1586736000;0;737.69
6;300;1583798400;3;473.97
1;100;1622419200;2;70.92
3;300;1637020800;0;827.34
2;200;1613520000;3;583.31
0;200;1604966400;1;106.03
0;100;1655510400;3;120.06
0;300;1596153600;2;298.93
10;100;1644624000;1;41.48
10;300;1630195200;2;656.98
0;300;1614816000;1;565.45
3;100;1605744000;1;382.86
1;200;1633651200;2;393.8
5;200;1632614400;3;873.23
5;200;1634342400;1;779.21
1;100;1660262400;0;184.79
4;100;1611360000;0;725.25
9;100;1639353600;0;81.25
10;300;1614902400;3;397.93
10;300;1578528000;2;265.03
3;300;1600387200;2;977.25
4;300;1652486400;3;721.71
8;100;1598140800;0;435.29
5;300;1577923200;0;123.3
1;200;1610150400;2;802.13
2;200;1638230400;0;255.55
5;200;1649808000;2;209.35
3;300;1628640000;2;837.1
7;200;1619049600;0;370.36
4;200;1616630400;2;382.01
9;200;1616803200;3;274.26
7;300;1582934400;2;330.5
6;300;1597968000;1;817.08
10;200;1622332800;3;12.02
3;300;1627084800;1;419.25
8;200;1636416000;0;787.93
0;200;1586908800;0;769.03
10;100;1597363200;0;40.61
6;200;1611792000;2;277.84
0;100;1595721600;3;508.69
3;200;1622505600;1;73.4
3;100;1619740800;1;780.7
2;200;1611619200;2;236.68
3;200;1614211200;3;261.43
6;100;1618704000;0;670.48
2;300;1617321600;3;457.99
5;100;1641600000;1;845.51
5;200;1641081600;0;325.82
4;200;1586908800;1;511.44
0;300;1640908800;0;313.29
6;300;1606176000;3;846.64
5;200;1635206400;1;468.79
5;300;1577923200;0;649.25
8;100;1599177600;3;764.87
3;100;1585180800;2;959.0
5;200;1588291200;2;947.94
1;200;1659571200;3;195.53
0;100;1594598400;2;278.19
3;200;1587513600;2;225.04
3;200;1638230400;2;684.48
10;100;1595116800;2;44.71
7;200;1604620800;3;845.04
10;200;1579305600;0;243.96
0;200;1637107200;3;507.68
8;300;1592438400;1;794.47
5;300;1626220800;2;361.9
3;200;1640736000;0;380.19
6;300;1630022400;1;751.0
10;300;1612828800;1;879.76
2;200;1629936000;3;614.95
1;100;1601424000;0;745.29
4;300;1589068800;1;390.68
10;300;1622764800;3;194.35
10;100;1653955200;3;362.61
0;300;1636416000;1;341.78
5;300;1605916800;2;237.8
2;100;1594512000;3;871.1
3;300;1619740800;0;423.34
1;300;1636070400;2;718.53
6;300;1641859200;0;676.43
10;100;1615161600;3;76.41
0;100;1636761600;2;962.59
4;100;1581206400;3;135.57
8;100;1583366400;0;538.58
8;300;1646697600;1;9.43
10;100;1646092800;3;227.3
8;200;1626998400;0;997.07
3;100;1654128000;1;425.66
6;200;1661904000;0;552.93
0;200;1623715200;3;154.09
0;300;1600214400;2;831.1
10;300;1582761600;2;402.16
2;100;1634256000;1;511.94
10;200;1644796800;0;936.18
9;300;1602633600;1;456.26
3;100;1643932800;1;804.24
10;300;1631318400;1;815.32
7;200;1647388800;0;798.13
7;300;1663632000;2;871.63
8;100;1652659200;1;982.03
4;200;1653609600;0;860.05
7;100;1596931200;1;32.18
2;300;1652313600;3;819.28
2;300;1606089600;2;949.6
4;200;1612224000;0;298.72
3;300;1588464000;2;666.31
9;100;1658880000;1;870.39
7;200;1637625600;2;401.85
3;300;1617753600;1;569.72
10;300;1629504000;1;142.86
9;300;1596758400;0;367.79
5;300;1597622400;2;238.5
3;100;1661731200;1;333.18
8;200;1587513600;1;745.81
3;300;1619049600;3;459.83
3;300;1635379200;3;696.07
0;100;1599523200;3;132.9
8;100;1589068800;2;800.18
6;200;1622592000;1;824.51
4;300;1624579200;0;760.44
2;200;1658016000;0;792.5
0;100;1629590400;0;159.54
2;300;1603152000;3;662.46
1;200;1657929600;0;425.59
6;300;1580860800;0;185.67
9;100;1632096000;0;690.35
2;300;1598832000;1;803.95
10;100;1582156800;2;401.28
2;200;1637798400;2;533.64
7;100;1600300800;2;982.89
6;100;1640908800;3;620.51
0;200;1616457600;1;199.04
7;100;1644796800;2;767.54
7;300;1599696000;1;244.44
4;100;1649635200;2;253.48
4;300;1620000000;3;177.5
8;300;1615680000;1;669.29
8;300;1614038400;1;929.62
10;200;1592611200;1;325.1
5;200;1582070400;3;571.35
1;100;1656115200;3;948.25
2;200;1630800000;3;715.93
6;200;1586995200;1;381.96
9;200;1596240000;2;262.82
1;200;1648252800;2;486.61
3;300;1661731200;2;592.77
10;200;1610409600;2;402.87
10;200;1652140800;0;458.96
7;300;1635033600;0;191.13
6;200;1658880000;2;97.01
2;200;1661126400;3;927.47
2;200;1656720000;1;857.9
0;300;1630108800;0;328.95
2;100;1660262400;1;23.33
7;100;1597795200;0;318.78
5;300;1656547200;2;652.85
5;200;1610668800;3;180.4
5;200;1605830400;3;480.96
4;200;1622246400;1;747.47
9;100;1584403200;1;294.98
7;300;1592524800;0;776.13
4;100;1652572800;3;522.53
4;100;1663632000;1;985.29
10;300;1644105600;0;576.58
1;300;1648857600;2;192.08
0;200;1624752000;0;659.18
9;100;1578787200;0;113.47
7;100;1635379200;0;46.28
2;200;1656892800;0;479.39
0;300;1596412800;1;698.24
3;300;1598313600;3;897.57
5;200;1637366400;1;913.61
10;100;1578873600;0;505.76
6;100;1663545600;2;681.97
8;200;1663286400;3;770.84
6;100;1616976000;2;756.09
9;100;1644883200;0;663.03
6;200;1613779200;3;323.52
9;200;1659139200;2;506.19
8;300;1627516800;0;893.78
9;200;1592784000;3;861.51
2;100;1617580800;0;467.77
2;100;1640822400;2;569.31
1;100;1582588800;0;235.64
4;100;1637280000;0;727.38
0;100;1596499200;2;3.83
3;300;1619222400;0;633.1
0;200;1605484800;3;86.45
4;200;1620864000;0;630.33
8;300;1649030400;1;70.9
3;300;1648598400;1;504.34
1;200;1663804800;1;994.61
6;200;1586390400;3;983.06
6;300;1604016000;0;156.73
4;300;1655164800;1;537.38
7;200;1598572800;2;875.05
8;300;1615161600;3;419.21
7;200;1598486400;1;529.45
9;100;1599609600;3;442.09
2;100;1583712000;1;179.89
0;200;1644451200;1;692.01
0;100;1602028800;0;358.82
5;100;1627084800;3;613.52
1;300;1579392000;2;100.33
6;300;1634688000;2;149.63
3;100;1583539200;0;569.9
6;200;1653782400;0;495.16
2;300;1628985600;3;21.45
0;100;1639008000;3;958.51
0;200;1650412800;0;191.21
8;300;1597104000;2;153.52
9;300;1607299200;0;470.28
0;300;1656892800;2;616.76
10;100;1635206400;1;25.23
5;200;1595289600;3;440.99
5;100;1624406400;1;67.05
9;200;1621641600;1;852.06
6;100;1652227200;1;373.62
2;300;1584662400;0;660.73
8;200;1659052800;1;802.68
5;100;1642377600;2;313.57
0;300;1640476800;3;696.99
2;300;1624838400;2;419.09
1;200;1624147200;0;957.54
1;200;1600560000;3;429.27
8;100;1585353600;1;185.18
1;100;1643587200;2;740.26
5;100;1605830400;1;980.64
3;300;1643932800;1;937.11
9;300;1646784000;2;604.82
9;100;1579305600;3;785.83
5;200;1644105600;3;982.35
4;100;1607040000;1;846.78
6;300;1649721600;2;491.1
8;200;1655424000;0;24.8
10;100;1584748800;0;50.14
7;100;1603670400;3;743.14
9;300;1593216000;2;146.96
10;200;1619136000;2;417.13
1;100;1657843200;2;627.77
10;300;1621123200;3;11.77
7;200;1653696000;1;986.86
10;300;1595808000;3;467.71
4;100;1622246400;2;167.1
2;300;1631059200;0;225.52
3;300;1601596800;2;513.2
10;200;1596153600;2;974.4
1;100;1611705600;3;295.77
7;300;1591228800;1;348.52
8;200;1580860800;3;96.86
3;200;1633219200;3;995.62
1;200;1599004800;0;81.3
5;200;1607385600;3;676.63
6;300;1622678400;2;947.77
2;200;1634947200;1;931.57
2;100;1638576000;0;441.23
0;100;1611532800;3;300.43
9;200;1605312000;2;32.33
5;300;1580601600;3;648.54
8;100;1612396800;1;448.54
9;200;1604275200;0;422.19
6;300;1639094400;1;511.97
9;100;1631577600;3;915.55
8;300;1621814400;0;152.91
0;300;1662422400;3;954.65
9;200;1581206400;1;159.38
9;300;1642377600;1;141.12
6;300;1654560000;2;662.8
4;300;1599696000;3;521.37
1;200;1657238400;1;491.64
6;200;1616284800;1;452.76
10;200;1594684800;2;335.74
6;100;1625616000;3;893.32
6;300;1604534400;2;219.64
10;300;1579305600;3;180.65
1;100;1619740800;2;802.88
6;200;1639958400;3;996.73
8;100;1633996800;2;105.93
8;300;1587254400;2;130.09
6;100;1645142400;1;80.21
4;200;1661385600;1;688.54
2;200;1649808000;0;520.6
6;100;1578528000;3;387.84
1;200;1663545600;2;742.34
5;200;1635465600;3;5.19
0;100;1589846400;0;677.9
10;200;1611187200;1;106.73
5;100;1637539200;0;148.78
9;200;1638316800;3;442.88
1;100;1639785600;1;709.35
5;300;1594944000;3;914.1
10;100;1653264000;1;916.49
9;100;1582070400;0;345.25
9;300;1647820800;3;346.7
5;100;1578700800;3;161.77
5;200;1628121600;0;854.08
1;100;1619308800;1;834.87
2;100;1632182400;0;160.0
2;200;1601942400;2;924.75
0;200;1615939200;3;863.01
4;200;1663891200;3;534.15
5;200;1581033600;2;470.11
4;300;1659744000;1;225.6
3;100;1585353600;2;601.78
5;300;1639872000;2;842.16
1;300;1620950400;0;464.65
1;200;1582502400;2;454.14
3;200;1660262400;2;896.85
6;300;1622678400;1;245.46
1;100;1647820800;0;443.87
1;100;1597795200;0;811.71
4;200;1598313600;0;955.53
3;200;1658966400;0;260.38
3;300;1608768000;1;683.01
0;100;1607040000;1;110.56
6;200;1612224000;0;522.11
7;100;1598659200;1;865.34
2;300;1593734400;2;436.07
7;200;1634774400;1;656.0
1;300;1622160000;0;936.19
1;100;1585785600;1;271.8
10;200;1628121600;3;672.71
0;300;1643846400;0;903.66
3;100;1631664000;3;268.46
9;200;1648857600;1;871.67
0;100;1640995200;2;354.61
8;200;1598659200;2;809.41
10;100;1624233600;1;273.27
0;200;1618704000;2;993.74
9;200;1583884800;2;42.85
0;200;1621123200;1;798.73
2;300;1601424000;1;397.13
9;100;1661472000;0;359.27
10;100;1627344000;2;864.56
3;200;1628726400;3;522.02
4;300;1622073600;3;230.64
9;300;1608940800;1;845.57
3;300;1600819200;0;959.75
8;300;1660867200;3;592.7
5;300;1636588800;0;618.97
4;100;1610582400;3;443.57
10;200;1610496000;0;417.88
2;100;1618099200;2;163.71
4;200;1578096000;1;626.35
6;100;1638576000;3;295.19
10;200;1592611200;2;654.3
8;300;1642204800;0;79.77
8;300;1585785600;2;840.28
4;300;1622678400;1;108.72
10;100;1647907200;1;375.71
0;300;1649721600;1;65.84
1;200;1610496000;3;372.3
7;200;1663200000;1;391.54
10;100;1638489600;0;36.58
5;100;1649462400;2;273.27
2;300;1616112000;1;571.73
3;100;1656806400;3;93.65
4;300;1647302400;2;669.8
5;300;1622678400;3;190.23
5;300;1602201600;2;537.31
9;100;1634428800;0;755.47
10;100;1606867200;1;268.92
10;100;1611187200;3;553.42
8;300;1602633600;0;517.59
3;300;1659484800;2;399.64
0;300;1594857600;3;511.48
3;100;1582156800;0;488.98
2;300;1655856000;1;485.29
1;100;1611705600;2;780.3
8;100;1625011200;3;405.27
0;200;1590624000;3;421.52
2;200;1602201600;3;521.41
4;200;1659916800;0;127.7
4;200;1620604800;0;328.88
9;300;1603238400;1;921.36
0;100;1662508800;1;915.49
2;300;1631491200;2;546.26
7;100;1583884800;0;533.92
8;100;1652486400;1;986.25
2;100;1600646400;2;441.75
9;300;1591747200;3;201.93
8;300;1623974400;2;527.85
6;300;1644796800;2;717.32
8;100;1634428800;1;186.75
1;200;1610755200;1;869.48
10;200;1657756800;0;546.35
5;100;1607212800;2;199.87
10;200;1635120000;3;99.55
5;200;1641340800;0;972.26
1;100;1626307200;3;121.82
1;300;1654819200;0;244.0
7;300;1648252800;2;885.8
7;100;1599782400;3;52.39
4;300;1646870400;3;832.69
8;200;1648771200;0;348.38
9;300;1618531200;2;966.69
2;100;1621728000;1;375.59
8;300;1650672000;1;616.04
0;300;1624665600;2;929.45
9;100;1603324800;2;143.37
6;300;1646870400;1;481.24
9;300;1652054400;1;304.99
7;100;1617235200;2;963.48
2;200;1592265600;1;32.89
10;100;1647993600;1;1.44
6;300;1632700800;1;885.46
7;100;1624492800;0;863.53
2;200;1643155200;1;643.75
3;200;1587254400;0;185.22
9;200;1581120000;0;685.89
3;300;1637107200;0;124.36
6;100;1663372800;1;736.42
8;200;1617408000;1;163.6
8;300;1644537600;3;799.33
5;200;1618617600;3;481.69
8;200;1578009600;1;869.05
1;100;1595721600;1;16.04
10;100;1647043200;2;381.85
2;100;1620432000;1;699.59
4;100;1600905600;2;502.39
1;300;1593302400;2;20.01
3;100;1641340800;1;12.22
5;200;1633824000;3;984.18
9;300;1611187200;2;843.29
6;300;1618963200;2;915.62
9;100;1649721600;3;843.98
4;100;1610496000;2;812.9
4;100;1595289600;3;560.77
10;100;1618790400;1;847.51
0;300;1600905600;2;642.97
5;200;1611878400;2;247.57
0;300;1591056000;3;860.08
5;100;1663459200;0;571.28
5;100;1624147200;3;841.64
6;100;1588636800;3;138.42
0;300;1635984000;3;895.28
10;200;1650067200;2;684.5
10;300;1625356800;0;115.03
0;100;1625616000;1;818.0
5;200;1617580800;3;267.2
5;200;1582070400;0;29.34
10;200;1629504000;0;879.25
0;300;1607731200;3;43.31
9;300;1578614400;2;645.09
7;200;1617321600;1;206.08
2;100;1663113600;1;4.55
6;200;1640736000;2;407.16
9;100;1595462400;1;283.2
2;300;1653609600;0;201.0
2;200;1664064000;1;626.76
3;300;1602633600;2;5.62
8;100;1648598400;2;440.07
4;100;1646352000;1;862.11
1;100;1593475200;3;623.97
4;200;1658707200;2;385.76
3;100;1663286400;2;985.22
3;300;1610323200;0;983.56
7;200;1623024000;3;70.9
5;200;1607904000;0;203.12
9;300;1613174400;1;9.27
5;300;1646265600;2;274.3
1;300;1583625600;1;785.13
4;300;1611619200;3;519.49
3;300;1622419200;3;753.26
6;100;1604016000;3;159.92
5;200;1606521600;3;83.43
6;200;1625788800;0;121.5
0;100;1640476800;2;622.82
3;100;1650326400;3;349.67
5;100;1657238400;0;247.88
2;100;1640217600;0;756.39
4;200;1634601600;0;7.47
9;100;1609200000;2;250.94
4;300;1605916800;3;941.54
8;200;1639872000;2;565.39
3;200;1654387200;3;382.69
2;200;1659052800;3;785.44
5;100;1650931200;1;246.44
5;200;1593993600;1;906.92
4;300;1645833600;1;334.41
9;100;1642809600;3;855.65
1;300;1604793600;3;382.75
5;300;1584576000;2;350.95
4;100;1592697600;1;599.17
6;200;1630886400;3;872.88
10;300;1616976000;3;735.75
7;200;1656115200;3;320.82
7;300;1617148800;3;475.62
6;100;1621555200;2;465.2
2;200;1592870400;1;509.27
8;300;1584921600;1;130.83
6;300;1591747200;3;871.85
6;200;1609891200;0;908.05
5;100;1661212800;0;222.28
6;300;1634688000;1;843.32
5;300;1593475200;0;195.82
0;300;1634601600;1;763.73
7;300;1649635200;2;529.64
5;200;1626912000;1;445.97
6;300;1620518400;1;72.71
10;300;1582416000;1;230.59
3;200;1657238400;1;1.81
4;300;1611187200;0;874.83
1;200;1616371200;2;365.72
9;100;1663804800;1;823.51
10;200;1639699200;3;80.67
5;300;1611273600;0;909.67
8;300;1592265600;0;155.83
3;300;1656979200;2;773.65
5;100;1658016000;2;145.74
2;100;1591833600;2;464.09
8;200;1609459200;3;448.04
4;100;1632700800;1;436.29
0;100;1657756800;2;354.49
8;300;1601337600;2;245.21
10;100;1616889600;0;418.19
4;200;1629676800;2;985.97
8;200;1619049600;3;98.88
1;100;1642723200;1;663.34
3;100;1652832000;2;956.07
4;300;1609977600;0;975.82
5;100;1633478400;0;20.19
7;100;1664150400;0;338.5
0;200;1593907200;0;806.01
5;300;1627862400;1;189.96
5;100;1660953600;1;386.57
0;100;1639785600;0;718.68
6;200;1628467200;0;367.21
5;100;1623542400;2;640.92
7;100;1594771200;1;377.37
9;200;1635638400;3;293.61
3;300;1578528000;2;544.25
6;100;1620345600;2;127.09
4;200;1578528000;3;559.33
1;300;1588291200;2;806.23
0;300;1638144000;0;416.09
2;200;1645747200;1;297.03
8;200;1651449600;2;690.88
1;200;1633651200;2;242.31
3;300;1649289600;0;38.97
4;300;1609545600;3;722.69
5;200;1586476800;3;194.85
6;300;1659571200;3;917.23
9;100;1611273600;2;422.67
8;100;1595635200;1;921.94
9;200;1648425600;3;537.8
1;300;1649203200;0;47.09
3;200;1642809600;3;442.51
7;100;1658448000;1;191.89
3;200;1638057600;0;967.67
4;100;1590451200;2;10.9
3;100;1613174400;0;570.89
9;200;1658793600;1;693.3
10;300;1660608000;1;377.41
2;300;1640390400;2;31.03
1;200;1616112000;1;360.0
3;300;1586217600;1;291.32
7;300;1660780800;1;771.28
0;300;1646006400;2;717.33
6;100;1588896000;3;896.06
10;200;1589587200;1;378.31
1;300;1592956800;3;727.99
3;300;1583971200;0;840.2
6;200;1652486400;0;351.42
6;200;1648166400;3;63.13
5;100;1578009600;3;577.35
0;300;1630713600;3;551.12
10;100;1655251200;0;483.32
2;200;1612569600;3;778.42
10;300;1659052800;1;454.11
9;300;1649721600;0;296.24
6;100;1633305600;1;573.46
10;200;1623628800;0;965.48
7;200;1579219200;0;319.39
8;100;1619222400;2;92.94
8;200;1651536000;1;603.12
2;300;1648166400;2;707.88
10;300;1595808000;0;267.79
2;300;1591228800;2;798.47
9;200;1654128000;2;839.24
6;100;1616198400;0;843.48
5;200;1591660800;0;244.32
8;100;1584057600;2;166.28
8;100;1645574400;2;53.91
1;300;1606608000;0;540.72
3;300;1627603200;1;653.98
9;300;1579910400;2;934.45
9;300;1646956800;1;638.62
3;100;1649548800;1;940.73
10;100;1600992000;1;841.25
10;200;1618963200;3;418.37
0;100;1621814400;2;31.27
4;100;1664236800;0;400.57
9;300;1625875200;1;285.64
10;100;1593043200;1;626.47
3;200;1653868800;0;691.95
5;100;1586131200;0;760.82
9;100;1638403200;1;447.12
6;200;1615593600;3;687.39
2;300;1636156800;3;871.64
7;200;1601596800;2;514.55
1;300;1616112000;0;785.13
2;200;1589241600;3;648.06
6;300;1624579200;0;475.82
10;100;1617148800;2;885.16
3;300;1631145600;2;690.12
0;200;1585612800;3;833.05
3;100;1652832000;0;610.24
1;200;1661644800;2;923.2
10;100;1656806400;1;345.88
10;200;1605312000;2;388.47
4;300;1588982400;0;593.94
9;300;1642896000;3;464.41
10;100;1610409600;1;550.96
4;200;1651881600;0;274.35
6;100;1589068800;2;904.43
7;100;1590710400;2;959.04
4;300;1614038400;3;611.92
0;100;1656806400;0;125.79
6;100;1639267200;3;659.02
0;200;1608681600;1;420.4
7;100;1598227200;2;282.05
10;300;1625702400;3;228.67
8;100;1656374400;2;226.17
7;100;1662681600;1;79.91
7;100;1613692800;1;432.07
9;200;1608854400;2;751.95
9;100;1602806400;2;499.44
8;100;1586908800;1;364.02
2;300;1630886400;0;218.45
1;300;1632960000;3;247.24
2;200;1630368000;3;466.24
5;200;1628035200;3;51.77
5;100;1627257600;1;961.06
9;200;1577923200;0;284.74
7;200;1579824000;2;548.68
2;100;1628640000;1;195.91
1;200;1656288000;0;64.6
3;100;1655769600;3;498.39
4;100;1651449600;3;245.9
8;300;1583798400;1;58.7
8;100;1650499200;1;329.14
0;100;1590883200;2;34.0
4;300;1631923200;3;119.41
8;100;1616457600;2;13.61
10;100;1654387200;1;488.65
10;100;1661299200;2;316.24
7;100;1606003200;1;724.65
2;100;1663286400;3;271.57
0;100;1590969600;2;438.32
8;300;1664150400;3;77.35
0;300;1626998400;2;559.64
8;300;1653177600;1;993.42
3;300;1618012800;0;613.79
7;200;1602460800;2;529.6
6;300;1596412800;1;479.94
9;100;1609200000;3;892.02
7;300;1630713600;2;200.83
2;300;1583971200;0;168.21
2;300;1611446400;1;486.84
10;200;1636156800;1;953.91
8;200;1639612800;2;186.32
1;100;1647734400;1;238.46
2;200;1651708800;0;628.09
0;200;1599091200;1;928.53
10;200;1609372800;1;86.18
7;300;1582329600;2;727.4
10;300;1601164800;0;270.84
10;200;1588809600;2;816.57
0;200;1645660800;0;84.51
9;300;1616803200;3;820.84
1;100;1602892800;0;904.88
7;200;1647561600;3;575.86
8;100;1599177600;1;983.28
7;100;1583539200;2;330.5
2;300;1630713600;0;164.5
1;100;1638576000;0;465.61
8;100;1652486400;3;317.95
9;100;1585353600;0;765.49
8;100;1596412800;0;292.1
8;200;1581465600;3;484.15
0;200;1608163200;0;123.72
9;100;1588636800;2;997.57
9;300;1629936000;1;888.94
4;300;1595548800;1;824.35
0;200;1597449600;0;491.14
7;300;1636848000;2;331.34
5;200;1627344000;1;606.15
4;300;1643760000;0;302.15
2;300;1627862400;1;780.9
4;100;1658188800;1;985.02
0;200;1597622400;3;316.25
0;300;1599436800;0;331.95
1;300;1627430400;1;976.79
2;300;1578528000;1;164.68
7;300;1643500800;3;953.84
8;200;1653091200;2;269.05
5;300;1592006400;3;261.39
6;100;1629331200;2;27.76
2;300;1600905600;3;486.51
1;300;1578528000;0;532.42
10;300;1590710400;2;612.13
10;100;1614124800;3;821.37
10;300;1639440000;1;705.11
4;200;1633651200;0;114.45
8;200;1640304000;0;458.54
2;300;1593216000;0;693.83
1;200;1657065600;2;404.62
2;200;1634860800;1;270.52
6;300;1645488000;2;266.52
0;200;1629590400;0;206.23
1;200;1584662400;1;754.51
10;300;1652486400;2;392.89
10;300;1605225600;0;720.1
9;100;1632787200;1;36.0
6;300;1596326400;1;727.14
7;200;1605484800;0;957.26
3;300;1649116800;0;329.13
1;200;1602547200;3;400.54
8;300;1618272000;1;470.52
4;300;1653696000;2;276.25
5;200;1658793600;2;104.48
9;200;1638662400;0;317.32
7;300;1608854400;0;63.11
1;200;1584403200;0;510.18
7;100;1631577600;2;658.14
10;200;1627257600;2;364.24
4;100;1584489600;0;24.27
7;100;1632268800;3;17.18
10;100;1621900800;3;875.51
5;200;1646956800;2;273.4
7;300;1664064000;3;679.32
1;100;1583625600;0;607.53
8;200;1656115200;1;669.5
4;300;1609632000;0;921.62
10;200;1611014400;1;550.25
1;300;1606953600;2;526.25
10;100;1592352000;1;939.35
5;200;1627430400;0;607.19
9;100;1618099200;3;200.55
1;200;1581465600;2;427.68
8;200;1609027200;3;445.57
2;300;1622505600;2;305.87
10;100;1654646400;1;79.39
1;200;1624147200;3;903.68
4;300;1609718400;1;581.93
4;200;1579478400;2;360.98
4;100;1630195200;1;343.38
8;300;1605139200;2;469.28
0;100;1626998400;0;873.9
2;100;1578787200;0;415.59
10;200;1632355200;0;725.39
6;100;1580774400;3;730.29
7;200;1590969600;3;750.83
3;200;1605830400;2;195.93
1;200;1635638400;0;809.2
6;100;1624579200;3;864.55
10;300;1579046400;0;566.29
6;300;1651708800;2;716.16
10;200;1663718400;0;250.4
0;200;1626825600;1;98.28
5;300;1595030400;3;382.64
3;300;1604707200;3;870.29
1;200;1617235200;0;935.46
1;300;1639699200;1;979.42
10;100;1619827200;3;606.21
1;300;1653868800;1;687.0
3;100;1581984000;2;743.1
9;300;1602806400;1;166.91
9;300;1619395200;3;585.58
9;200;1620086400;0;287.74
2;100;1649203200;1;755.38
1;100;1606953600;2;701.93
2;100;1597449600;1;59.9
3;300;1628208000;1;86.14
8;100;1600732800;1;923.57
2;200;1625875200;3;627.26
7;100;1587945600;0;490.23
3;100;1656979200;1;509.21
4;200;1583193600;2;249.33
1;200;1587254400;1;993.96
4;100;1648598400;2;535.0
1;200;1662508800;3;792.64
0;100;1616889600;3;590.46
8;300;1654041600;1;325.1
6;200;1590796800;1;933.23
5;200;1584403200;1;518.74
3;200;1606694400;0;236.16
7;100;1630972800;1;175.48
0;200;1608768000;0;14.07
1;100;1650240000;0;342.89
3;300;1661904000;3;655.21
2;300;1629417600;1;710.7
1;200;1629676800;3;211.29
1;200;1617062400;2;299.46
8;300;1591660800;3;487.62
10;200;1598659200;2;994.26
1;100;1646092800;2;36.91
3;100;1628467200;0;766.31
5;300;1660953600;3;942.81
7;300;1646611200;2;857.26
5;300;1648771200;1;391.8
2;100;1594512000;3;585.14
7;100;1602979200;2;75.05
6;100;1641168000;1;145.02
8;100;1627516800;1;191.37
7;200;1635206400;1;245.04
1;100;1650067200;1;152.7
1;200;1602720000;1;721.92
2;300;1614211200;1;65.84
3;100;1661558400;3;778.65
0;300;1580947200;1;246.34
9;300;1637798400;0;838.44
3;300;1656806400;1;694.4
5;300;1631923200;2;815.6
5;200;1617235200;2;942.61
7;300;1644192000;0;263.31
10;300;1652313600;3;274.56
1;100;1640736000;0;346.1
3;100;1590278400;1;833.81
3;100;1589241600;0;364.08
5;300;1589155200;3;743.29
9;300;1641686400;3;688.45
6;200;1645660800;3;27.62
2;100;1651795200;3;523.85
5;300;1634342400;3;907.69
0;100;1661472000;0;925.44
10;300;1621641600;0;693.94
3;300;1642118400;2;978.27
3;200;1615420800;0;10.15
10;200;1595116800;0;139.11
3;100;1643500800;3;116.1
5;100;1621036800;1;800.44
1;300;1644624000;2;490.28
9;200;1620604800;0;535.32
7;100;1586390400;3;605.82
1;100;1614384000;0;820.65
0;100;1583280000;3;817.41
8;300;1633651200;1;934.27
4;300;1619568000;3;747.99
8;100;1625184000;0;250.88
8;100;1654905600;3;578.64
10;200;1628726400;2;484.68
10;100;1662422400;1;434.91
9;300;1599868800;2;475.39
5;300;1620000000;3;986.75
4;300;1587081600;1;943.78
3;300;1615593600;2;81.52
2;200;1610841600;2;433.65
0;300;1616716800;3;219.05
7;100;1662768000;2;185.48
3;200;1583366400;1;247.43
2;200;1654732800;3;206.08
4;200;1640217600;1;2.25
10;300;1636761600;0;738.83
3;300;1618444800;1;768.61
4;200;1592438400;3;363.0
7;300;1663027200;0;355.21
4;200;1633564800;1;405.74
2;200;1651881600;2;926.18
0;200;1651881600;1;629.35
7;300;1601337600;3;295.85
3;200;1617235200;0;683.71
0;300;1661040000;3;352.31
4;300;1641254400;2;61.08
0;100;1657670400;0;947.08
1;300;1644969600;3;951.05
5;200;1634083200;3;91.53
0;100;1653782400;0;167.79
6;300;1595203200;1;49.99
8;200;1652227200;0;69.06
10;300;1609027200;2;172.89
4;300;1586995200;0;614.68
2;200;1610150400;2;784.54
6;200;1624579200;1;13.11
4;200;1592784000;2;30.05
8;300;1622073600;1;122.04
10;100;1613520000;2;359.52
0;200;1609545600;0;63.05
1;200;1634342400;3;321.84
9;300;1631404800;1;230.17
10;200;1578182400;0;77.82
10;200;1637020800;2;276.31
1;300;1637884800;2;984.23
8;100;1650758400;1;590.98
10;300;1602720000;2;697.9
2;200;1636588800;2;365.18
5;200;1579219200;3;362.3
7;300;1631923200;0;133.7
2;200;1630368000;1;682.54
8;200;1641513600;0;919.52
10;200;1599609600;2;503.99
9;200;1615507200;3;910.54
0;100;1632355200;2;353.09
1;200;1654214400;0;888.05
8;200;1632355200;1;548.89
8;100;1646956800;2;674.86
5;100;1591228800;2;66.79
6;100;1609027200;3;242.09
0;100;1655078400;1;113.34
3;200;1650758400;3;834.66
4;300;1641600000;3;959.06
5;200;1599868800;0;638.84
8;100;1615420800;0;505.55
3;300;1584921600;0;506.93
1;200;1644019200;1;820.82
4;200;1660953600;2;806.62
8;200;1603584000;1;472.91
0;200;1595980800;1;679.66
9;100;1625529600;3;870.85
3;100;1606694400;0;555.02
8;100;1587772800;0;991.42
9;200;1637366400;2;197.13
2;200;1579996800;1;425.2
10;300;1609113600;3;532.66
10;300;1646006400;3;300.27
2;200;1592784000;1;422.66
1;100;1632873600;2;824.84
7;200;1606262400;0;938.47
3;100;1594857600;0;953.1
10;100;1636070400;1;665.85
8;100;1644278400;0;102.33
1;200;1636416000;0;992.05
9;300;1584576000;1;382.99
5;200;1646438400;3;777.29
1;200;1578355200;0;888.37
6;100;1595980800;2;442.2
10;300;1627776000;3;5.35
2;300;1577923200;2;281.93
1;200;1604880000;3;534.25
0;100;1643846400;0;318.76
2;300;1591142400;3;80.57
4;300;1654041600;3;631.7
2;200;1631664000;2;611.98
6;300;1578268800;0;322.97
7;300;1604534400;2;278.88
5;100;1651968000;0;993.6
6;100;1652054400;1;792.84
5;200;1578182400;2;567.97
3;100;1606521600;0;50.32
10;300;1652486400;0;605.47
4;200;1650844800;3;824.16
0;200;1593388800;3;454.64
7;100;1603065600;2;545.88
7;100;1663113600;1;102.07
8;100;1605312000;0;267.01
8;300;1596499200;1;180.97
3;100;1614124800;0;231.5
10;300;1612915200;0;121.36
3;200;1607644800;0;891.58
3;100;1655856000;1;430.62
6;200;1644796800;1;948.45
2;200;1631664000;3;309.08
2;100;1654646400;1;232.38
0;100;1651708800;0;717.9
3;300;1615766400;2;19.06
4;100;1611964800;0;745.06
8;200;1658102400;0;240.37
1;200;1628553600;3;897.08
4;300;1624665600;0;187.75
1;300;1630281600;2;356.41
10;200;1658707200;3;840.72
4;100;1654646400;0;888.88
0;100;1616457600;1;813.04
5;100;1651795200;3;434.33
9;300;1581638400;1;169.58
1;200;1578355200;2;944.57
3;300;1638144000;3;688.69
2;100;1648598400;0;482.88
7;100;1607299200;1;914.23
4;100;1643328000;0;793.2
4;200;1584057600;3;981.0
7;100;1621814400;2;298.76
9;200;1586217600;1;546.42
0;300;1642550400;0;4.05
9;100;1628467200;1;567.93
0;300;1622851200;3;419.21
0;300;1632873600;3;118.18
3;100;1621728000;2;518.24
4;100;1629158400;0;183.88
8;300;1640736000;2;771.61
6;200;1581552000;1;351.09
3;200;1597276800;0;691.3
6;200;1656288000;1;162.86
6;200;1588118400;1;957.3
0;200;1623974400;0;748.12
2;100;1623456000;3;197.69
9;200;1583107200;1;836.1
1;300;1642032000;0;448.64
5;200;1594252800;3;199.72
4;100;1636156800;3;598.69
3;100;1625875200;0;926.26
5;100;1585440000;3;242.85
5;100;1590537600;3;656.05
0;200;1591315200;2;265.69
1;300;1625616000;1;670.54
6;200;1622592000;1;397.1
3;200;1608768000;2;578.84
1;200;1619481600;0;235.5
10;200;1638662400;2;626.94
3;300;1610668800;1;590.49
5;300;1601251200;1;981.15
9;200;1620864000;2;734.27
9;300;1605657600;1;403.05
4;100;1599091200;2;942.54
3;100;1648339200;1;426.14
5;100;1629072000;2;724.26
5;300;1649894400;0;646.64
9;100;1642464000;3;879.59
10;100;1648684800;2;737.18
9;100;1654992000;2;301.23
5;100;1585267200;3;548.19
4;100;1605571200;3;887.99
2;200;1661299200;1;123.08
9;300;1589587200;1;883.25
10;100;1658707200;1;560.3
8;300;1650758400;0;505.27
4;100;1637971200;0;105.23
7;200;1588118400;1;188.16
7;300;1661644800;2;453.27
7;300;1606176000;2;336.88
0;300;1650585600;1;104.78
0;200;1612224000;3;756.28
5;100;1635292800;1;40.86
7;200;1643328000;1;617.55
4;300;1618531200;2;955.43
7;100;1647993600;3;463.36
7;100;1652054400;0;171.23
5;100;1651449600;2;221.84
2;300;1620259200;3;77.31
7;300;1656892800;1;631.08
4;300;1654473600;1;409.16
0;200;1599696000;3;369.62
9;100;1599436800;1;856.35
10;100;1635984000;3;864.54
0;300;1623024000;1;773.63
7;100;1649548800;1;29.17
7;300;1641168000;0;673.15
6;300;1607731200;1;70.06
2;200;1652140800;2;918.89
9;300;1652572800;0;598.18
0;300;1646611200;2;501.29
8;100;1580860800;3;958.53
10;200;1587859200;1;652.57
5;100;1652227200;3;433.86
10;300;1580428800;0;223.76
7;200;1659052800;0;984.58
4;100;1599350400;1;954.52
0;100;1634601600;1;710.85
3;300;1613865600;3;707.32
4;100;1596585600;0;505.66
2;200;1657152000;1;147.35
0;200;1619654400;0;302.28
9;200;1607904000;2;99.1
8;100;1640217600;2;670.3
3;200;1607731200;2;353.98
0;300;1636243200;1;397.28
7;200;1582502400;0;875.15
5;200;1619049600;3;684.23
1;100;1603929600;0;838.03
4;200;1642982400;2;411.28
9;100;1627171200;2;439.44
4;100;1590796800;3;468.45
3;200;1608336000;1;272.86
1;300;1626134400;2;248.22
10;200;1619654400;2;244.8
1;200;1610150400;2;81.05
3;100;1586390400;3;677.7
3;200;1645833600;3;672.62
7;100;1586217600;3;356.01
1;300;1615680000;1;88.95
2;100;1646697600;0;773.23
1;300;1578873600;0;861.46
5;300;1640649600;1;594.79
0;200;1578441600;1;223.14
1;300;1603670400;1;120.78
0;100;1630540800;3;302.51
10;100;1617408000;3;433.13
10;300;1622678400;1;120.73
3;300;1592524800;1;104.05
9;300;1655769600;1;817.16
2;100;1594339200;2;926.6
6;200;1606694400;0;558.08
3;300;1603065600;0;777.12
7;100;1642636800;0;545.42
5;200;1613520000;2;332.93
8;300;1611360000;1;227.3
8;300;1635292800;3;597.13
0;200;1616112000;3;209.19
10;100;1589587200;1;795.03
2;200;1651795200;2;146.98
10;300;1625616000;0;16.07
8;300;1578787200;3;737.63
7;300;1604016000;0;716.71
7;200;1649289600;0;558.0
7;300;1609891200;3;186.45
0;300;1606953600;1;597.52
9;200;1652572800;0;123.35
8;300;1607990400;3;43.88
10;300;1593129600;3;269.23
9;300;1603584000;3;983.5
8;200;1623628800;3;305.56
8;300;1581292800;1;795.6
8;200;1587772800;2;102.5
3;300;1648425600;2;449.92
5;300;1611532800;3;154.84
3;100;1645228800;0;27.97
0;200;1599782400;0;757.31
3;100;1660435200;2;257.71
1;100;1603497600;2;551.31
8;100;1632182400;1;436.26
9;300;1590969600;2;57.17
1;300;1614038400;0;294.27
4;200;1606435200;3;773.27
7;300;1591056000;0;217.47
7;300;1637884800;0;96.63
1;100;1599523200;3;911.22
10;200;1628035200;0;392.53
7;300;1639094400;0;367.81
6;200;1628121600;3;875.52
5;200;1594166400;2;964.67
3;300;1581465600;0;869.05
2;100;1600128000;0;594.37
10;100;1640822400;0;123.38
10;200;1642982400;1;460.93
7;100;1658361600;3;680.6
7;300;1652140800;1;864.99
0;300;1622678400;1;73.36
6;300;1627948800;0;462.13
6;200;1641513600;1;439.86
5;100;1645401600;2;872.27
1;300;1646006400;0;556.53
9;100;1631750400;1;704.06
5;200;1643932800;2;790.28
8;300;1583452800;2;701.53
0;300;1578700800;0;12.13
6;300;1620950400;1;242.73
1;100;1631491200;2;127.31
6;300;1597276800;0;738.73
9;300;1628553600;1;793.28
1;100;1659744000;1;480.8
4;200;1587600000;3;655.14
9;200;1588809600;3;704.94
7;100;1590537600;0;685.61
8;100;1626739200;2;236.78
0;200;1627516800;0;66.83
3;200;1623110400;2;813.81
7;200;1591488000;3;880.76
3;300;1650585600;0;271.77
4;100;1635897600;1;882.26
4;300;1607990400;2;807.41
6;100;1578528000;2;719.71
2;100;1653004800;2;304.88
6;100;1634256000;1;907.25
7;300;1614384000;1;531.18
7;100;1621814400;0;705.17
3;300;1662163200;2;615.43
4;100;1597708800;0;773.68
9;200;1639958400;0;838.84
4;200;1650067200;0;783.31
1;300;1649894400;1;726.53
1;100;1647734400;0;180.68
2;300;1649548800;3;939.94
3;300;1604188800;0;730.06
7;200;1583280000;3;632.18
3;100;1616716800;1;760.55
2;100;1626825600;2;269.16
1;300;1623542400;2;252.14
1;300;1642291200;1;347.34
6;300;1654646400;3;666.0
10;100;1594425600;2;407.46
2;300;1609804800;0;707.26
9;100;1617494400;1;485.28
2;200;1616803200;0;21.49
3;200;1635552000;1;738.44
7;300;1656460800;0;967.13
0;300;1655251200;0;796.7
1;300;1608076800;1;655.33
4;100;1578528000;0;733.34
0;100;1640649600;2;918.45
0;100;1619222400;0;195.94
8;100;1656028800;2;636.97
7;100;1650758400;2;804.36
4;200;1583020800;1;735.41
7;200;1649548800;1;337.46
10;200;1615507200;0;283.94
8;300;1635897600;3;104.16
3;300;1649635200;3;251.49
6;200;1595116800;0;621.24
9;300;1659484800;0;897.55
0;300;1653350400;3;327.42
9;100;1609286400;1;293.42
2;200;1623024000;2;361.21
9;300;1653091200;3;681.46
2;200;1663718400;1;972.0
1;200;1628640000;1;287.16
6;100;1659225600;2;507.71
7;100;1644105600;2;778.75
9;200;1655596800;0;780.76
4;100;1649289600;3;548.53
5;200;1658707200;2;786.21
4;100;1643068800;0;447.47
8;200;1630281600;2;991.52
10;200;1643414400;3;716.48
1;300;1631664000;3;219.98
0;300;1616112000;3;553.39
3;300;1653955200;3;25.04
2;300;1662422400;0;352.87
7;200;1597363200;2;689.15
4;100;1611360000;3;768.23
7;100;1616371200;3;722.84
2;100;1597449600;2;47.23
6;300;1592352000;1;115.46
9;200;1638230400;1;253.65
6;100;1611792000;2;559.92
3;300;1606694400;1;424.71
5;200;1605312000;2;558.42
9;100;1586131200;1;290.97
4;100;1660003200;3;223.76
1;100;1628121600;2;428.8
5;300;1578787200;3;319.9
6;100;1646956800;1;635.08
6;200;1623542400;3;609.07
10;100;1606435200;0;92.4
5;300;1611705600;2;853.01
8;100;1650844800;0;597.58
9;100;1606262400;1;645.03
6;100;1657238400;1;853.04
5;200;1662854400;2;442.47
6;200;1622851200;0;60.38
7;300;1616889600;3;61.48
3;300;1605312000;0;183.24
5;100;1643760000;3;127.46
9;300;1636416000;3;189.04
6;100;1619740800;2;175.26
7;300;1663891200;1;89.29
0;100;1596585600;2;892.19
1;100;1589155200;0;496.42
2;100;1598400000;1;500.32
0;200;1658707200;2;855.47
1;300;1582588800;1;505.69
8;300;1614297600;1;780.31
1;200;1643414400;3;264.84
6;100;1617580800;3;979.41
7;100;1579996800;0;577.87
7;300;1618358400;2;281.22
0;100;1587340800;0;662.83
2;200;1651795200;0;241.73
3;200;1587772800;0;700.12
4;100;1598313600;1;568.64
2;300;1618531200;0;264.09
1;300;1618617600;3;446.36
5;200;1638662400;3;20.53
2;200;1609027200;2;322.44
3;300;1621900800;3;91.17
5;300;1659225600;3;979.09
8;100;1588118400;0;95.31
2;200;1647907200;0;513.36
5;100;1586822400;3;766.74
6;300;1599177600;2;590.78
2;300;1578096000;2;128.5
1;100;1624233600;2;217.54
5;300;1592438400;3;564.42
3;200;1616630400;2;968.23
3;100;1655856000;0;809.87
8;300;1625875200;0;809.93
2;200;1650153600;2;492.67
3;100;1632614400;1;593.66
8;200;1589587200;0;364.19
4;100;1602374400;3;4.42
1;200;1663545600;2;592.27
5;100;1584662400;0;403.35
10;100;1583539200;3;583.72
8;100;1578009600;0;479.17
8;300;1617840000;0;473.76
9;100;1657065600;3;23.58
0;300;1602374400;1;672.9
7;100;1590796800;2;530.72
7;300;1663545600;2;766.77
9;200;1649548800;0;423.77
6;100;1647216000;2;318.83
5;300;1579564800;3;57.34
5;200;1608422400;0;842.74
3;300;1622419200;1;284.05
2;200;1590278400;3;781.97
10;300;1607904000;0;620.1
3;200;1628467200;3;541.04
6;200;1592956800;1;441.45
1;100;1600300800;1;424.89
1;200;1621036800;3;468.1
7;200;1641772800;2;587.77
7;100;1622246400;0;528.12
8;300;1651104000;0;801.87
5;100;1597881600;2;530.26
2;200;1653609600;0;817.64
0;200;1638662400;0;514.37
9;100;1663113600;0;269.76
8;200;1582416000;1;881.42
5;300;1633132800;0;95.12
4;100;1633046400;1;964.45
4;300;1652313600;2;470.42
10;100;1614988800;1;506.37
4;200;1646956800;0;552.83
1;100;1646956800;3;296.6
9;200;1636761600;1;869.15
10;200;1588204800;2;816.53
4;100;1615420800;3;452.64
5;100;1633996800;3;208.44
8;300;1578268800;0;390.49
2;300;1617148800;0;21.6
4;100;1651276800;0;925.36
3;300;1587859200;3;694.21
7;100;1614297600;0;716.56
8;100;1620172800;3;216.19
8;300;1593043200;1;926.64
2;100;1578528000;2;993.14
0;200;1586131200;3;355.91
2;300;1610496000;1;999.64
1;300;1631232000;2;99.96
9;100;1607212800;1;210.15
4;300;1623369600;3;978.2
8;300;1585008000;2;912.44
0;300;1616284800;1;773.86
10;200;1657411200;3;120.95
3;100;1620172800;1;669.68
4;200;1622764800;1;786.12
9;300;1581811200;3;815.89
6;300;1579478400;0;890.0
10;200;1650672000;0;386.51
9;200;1644883200;1;648.07
1;300;1585008000;0;711.81
5;300;1601856000;2;544.23
10;300;1646784000;2;489.03
8;300;1586217600;1;148.33
2;300;1660953600;0;584.85
9;200;1626566400;3;199.84
1;200;1588809600;0;167.83
4;200;1635897600;2;209.95
3;100;1626825600;3;697.3
3;100;1585008000;1;123.24
9;200;1624233600;2;932.2
2;300;1637625600;3;122.1
7;100;1578528000;1;859.02
2;200;1648598400;2;132.76
8;100;1603324800;1;596.27
7;300;1598832000;1;457.99
2;300;1588723200;0;403.45
7;200;1595462400;0;602.21
10;100;1617840000;2;144.96
10;200;1598140800;3;183.62
7;100;1596240000;1;465.89
10;200;1583884800;2;112.46
7;100;1655251200;2;614.26
3;200;1646784000;0;235.59
5;200;1586390400;3;227.59
0;300;1638230400;3;467.96
7;200;1643241600;3;372.43
1;100;1578268800;3;391.79
5;200;1607299200;0;10.91
2;300;1650672000;2;726.09
2;200;1647907200;1;152.97
1;300;1586563200;0;620.76
1;300;1602201600;2;270.19
6;300;1587945600;1;800.23
0;100;1633478400;2;443.86
9;100;1659139200;2;74.94
9;100;1647475200;3;927.68
7;300;1607731200;1;155.16
2;200;1628985600;0;385.99
9;300;1606694400;2;968.13
7;100;1584835200;0;861.92
4;300;1614988800;0;763.52
4;300;1591920000;0;963.78
9;300;1604188800;2;299.24
0;300;1654646400;1;539.87
10;300;1594771200;3;560.37
4;300;1652918400;1;315.3
2;200;1654905600;2;911.29
9;100;1649289600;0;592.46
7;100;1643068800;0;13.54
0;300;1579478400;2;412.26
0;300;1609113600;3;1.0
2;300;1578873600;0;30.89
3;100;1609286400;0;919.11
0;100;1579737600;1;393.72
5;300;1663459200;0;41.16
2;200;1605398400;3;159.97
3;100;1656374400;0;0.92
8;300;1584576000;2;845.33
4;300;1605744000;3;899.8
3;100;1605139200;2;592.29
1;200;1642809600;0;904.34
0;100;1623369600;1;883.56
3;100;1597968000;3;376.16
2;100;1637107200;1;694.46
0;100;1659657600;3;333.59
5;300;1648771200;3;143.15
10;100;1636588800;1;224.14
4;200;1622678400;0;47.89
1;300;1663545600;1;758.26
8;200;1585267200;1;150.22
6;300;1605916800;0;322.16
4;100;1646265600;0;607.73
6;200;1651795200;3;337.32
4;300;1596585600;2;584.64
5;200;1589414400;2;322.83
7;100;1645142400;2;739.18
2;200;1642291200;3;171.36
10;200;1645747200;3;133.98
7;100;1624924800;0;877.73
2;100;1613347200;1;217.79
6;200;1590364800;3;217.1
10;300;1581379200;0;980.24
5;100;1634601600;2;953.86
8;300;1638576000;2;569.25
3;100;1628035200;1;392.67
6;200;1625184000;1;230.53
6;200;1630972800;2;945.69
6;300;1647820800;0;846.92
5;200;1640563200;1;142.09
0;300;1611792000;2;665.84
7;200;1628035200;1;939.57
9;300;1630972800;1;868.5
1;300;1602288000;2;107.55
0;300;1636070400;1;477.94
3;100;1644105600;2;608.62
0;200;1658620800;0;680.2
1;100;1592265600;2;904.37
6;100;1646611200;0;85.22
9;300;1587686400;2;978.69
4;200;1624838400;2;563.81
7;200;1620259200;2;534.86
6;300;1637798400;3;814.87
4;100;1594857600;2;140.76
5;200;1597881600;3;84.79
8;100;1637020800;1;852.48
6;200;1649980800;3;230.12
5;300;1604793600;3;762.17
10;200;1586476800;2;20.85
1;100;1592784000;2;883.26
0;100;1624233600;2;325.74
10;200;1645920000;2;713.13
3;200;1655164800;0;786.61
3;300;1595721600;2;473.12
3;100;1625788800;1;483.11
6;100;1605398400;1;837.62
7;200;1661385600;1;104.99
4;300;1607644800;1;163.05
0;300;1606089600;0;664.87
5;200;1647216000;0;446.31
3;100;1602720000;3;351.77
9;100;1599782400;3;610.95
10;100;1654128000;2;721.1
6;300;1642118400;3;914.65
1;200;1593993600;0;611.47
2;300;1578355200;1;392.8
10;300;1633564800;3;405.72
7;100;1633564800;2;851.43
9;100;1651190400;3;69.09
2;300;1587427200;0;600.87
2;100;1630886400;2;458.61
7;100;1636416000;3;369.86
7;200;1600473600;3;816.44
3;200;1652313600;0;898.54
7;100;1647302400;2;274.08
8;200;1632355200;1;596.53
3;300;1607644800;3;827.12
7;200;1618272000;0;714.89
5;200;1614038400;2;402.8
1;200;1603324800;1;121.22
0;300;1639180800;0;895.16
7;300;1655769600;1;808.13
8;100;1626048000;1;137.73
3;200;1591401600;0;939.98
4;200;1593907200;2;679.66
8;300;1663372800;2;108.68
7;300;1635984000;3;572.26
7;300;1624406400;0;537.03
3;200;1647993600;0;871.46
6;100;1662076800;0;818.37
0;200;1620172800;0;43.71
3;100;1604016000;1;144.57
8;300;1636070400;1;22.56
6;200;1596412800;0;461.61
7;100;1644537600;3;775.55
5;100;1588982400;0;783.29
7;200;1594771200;3;905.59
4;100;1633824000;3;342.98
8;200;1594944000;1;456.27
9;200;1597795200;0;730.83
5;100;1643414400;3;849.77
4;200;1661558400;1;575.17
8;200;1631491200;3;174.12
7;300;1598054400;3;241.12
0;200;1638835200;0;900.5
4;100;1614556800;3;112.58
9;300;1648512000;3;564.53
1;200;1611446400;3;371.2
3;100;1652054400;3;169.3
8;300;1617667200;1;842.38
1;300;1599004800;1;563.9
2;200;1623715200;0;758.66
5;200;1603756800;2;449.88
0;300;1654732800;3;190.99
8;300;1621468800;3;293.19
6;300;1649203200;0;890.23
5;200;1652832000;2;50.39
8;100;1621900800;0;543.52
10;100;1626652800;1;436.87
8;300;1658620800;3;755.36
4;200;1600905600;3;806.63
7;300;1599091200;3;296.39
5;300;1615420800;3;267.09
4;200;1599696000;3;124.02
5;200;1602201600;0;40.3
1;100;1629331200;1;913.46
5;100;1643328000;2;352.25
8;300;1617062400;0;712.92
4;200;1627862400;1;970.26
5;200;1653696000;0;828.72
4;300;1626652800;3;218.61
10;200;1648771200;2;155.0
10;100;1663545600;2;108.72
4;300;1621814400;1;359.76
1;100;1578700800;2;166.99
7;200;1610841600;3;41.6
1;100;1625875200;1;202.81
2;300;1612310400;2;971.79
3;200;1642204800;3;384.91
8;300;1632182400;3;859.96
10;200;1641600000;3;992.16
8;200;1602374400;3;815.13
3;100;1623024000;0;751.49
1;100;1615593600;1;71.43
7;100;1581033600;3;926.74
7;200;1578700800;2;707.75
2;100;1580601600;1;922.02
4;300;1606780800;3;671.95
9;300;1647648000;0;864.85
3;100;1650067200;2;733.82
6;100;1627603200;3;712.83
6;200;1578960000;0;931.68
4;300;1585094400;3;681.22
3;100;1581206400;2;715.25
6;200;1630627200;2;815.3
4;100;1640649600;3;953.61
7;300;1634774400;3;200.99
8;200;1640822400;3;50.51
6;100;1648944000;1;301.38
9;200;1580688000;2;33.94
6;200;1624492800;0;608.68
9;200;1611792000;0;76.36
2;300;1583193600;1;650.13
4;100;1597536000;0;356.09
7;100;1656460800;0;632.7
0;200;1648339200;1;427.5
1;100;1642032000;2;832.09
8;200;1609891200;3;306.21
8;100;1647216000;0;82.62
8;200;1585872000;0;862.97
9;200;1605916800;0;679.32
7;100;1594512000;3;484.87
3;200;1599868800;2;245.89
10;200;1601337600;1;628.15
2;100;1611187200;2;37.27
3;200;1662681600;0;447.24
0;100;1639008000;0;738.81
0;100;1630627200;2;276.17
7;300;1594425600;1;560.2
8;300;1626393600;1;671.15
0;100;1629849600;1;431.13
0;100;1581292800;1;205.96
8;300;1663718400;0;561.86
4;100;1595635200;2;124.26
3;200;1612310400;3;546.19
5;200;1585094400;0;922.57
9;100;1611273600;0;665.48
10;200;1638748800;2;715.77
0;300;1655164800;1;246.11
2;100;1616630400;0;643.07
6;100;1595203200;3;696.85
0;300;1636416000;3;126.64
3;100;1625616000;1;604.66
8;100;1639958400;3;133.38
3;300;1624838400;2;364.54
0;300;1607817600;0;247.18
4;200;1651104000;1;702.98
0;200;1601683200;3;438.83
6;200;1647907200;2;40.02
10;100;1648857600;1;790.57
0;300;1602892800;2;111.99
9;200;1628640000;2;451.53
8;200;1578441600;3;222.8
1;100;1608163200;1;384.28
9;200;1634428800;2;550.15
10;300;1595289600;3;797.54
8;200;1656892800;1;659.83
0;200;1613606400;2;21.83
1;200;1650758400;0;553.76
7;300;1611446400;0;610.18
5;100;1592438400;2;663.44
0;100;1650240000;1;749.35
0;200;1654992000;3;471.3
7;300;1606953600;0;434.14
9;100;1599523200;2;831.8
4;300;1649894400;0;698.23
2;200;1613174400;2;144.25
0;200;1630368000;0;492.45
1;200;1580774400;3;540.26
2;100;1649376000;3;698.5
3;300;1659830400;1;864.84
9;200;1599436800;0;861.96
8;200;1643760000;1;928.66
0;300;1664236800;2;453.24
0;100;1647561600;2;614.07
9;300;1632355200;3;603.99
9;100;1658707200;0;725.94
7;100;1609372800;3;941.52
4;100;1651708800;2;341.67
2;100;1596931200;2;830.75
1;300;1641686400;2;837.1
8;200;1628121600;0;897.33
2;300;1647043200;0;150.79
9;200;1585180800;1;812.67
7;300;1658102400;0;419.83
0;100;1614297600;3;190.11
6;300;1592956800;2;61.94
1;100;1625616000;1;772.05
8;100;1590537600;0;723.09
5;300;1656547200;2;310.28
6;300;1652313600;2;426.06
8;300;1587772800;1;384.05
10;200;1604880000;3;201.98
2;100;1621209600;3;145.07
5;100;1600300800;1;251.66
9;200;1601337600;3;983.92
3;300;1629936000;2;587.37
10;100;1647043200;3;804.42
4;300;1651449600;1;635.71
8;100;1661040000;1;577.29
2;200;1605830400;1;256.31
4;100;1582070400;2;18.73
6;300;1659139200;1;740.89
7;200;1653868800;1;429.84
10;300;1634774400;1;893.36
6;200;1664236800;2;928.33
7;200;1598745600;3;151.23
1;300;1584835200;1;935.47
2;200;1592006400;1;272.37
4;200;1588032000;2;119.27
1;300;1581724800;0;183.1
5;100;1612483200;0;625.86
5;100;1580688000;3;888.18
3;200;1610755200;3;240.14
8;100;1596412800;0;286.32
2;300;1592611200;1;960.85
9;100;1621468800;0;18.5
3;300;1628812800;3;875.94
7;100;1580947200;3;132.78
4;200;1589673600;0;722.84
5;200;1604707200;2;935.75
10;300;1591833600;1;216.61
4;100;1657843200;2;62.17
3;300;1596326400;0;326.92
3;300;1653609600;0;750.87
10;200;1609459200;1;395.74
8;100;1627084800;2;743.11
3;200;1625356800;3;769.98
6;100;1643414400;1;421.59
1;200;1603929600;2;950.04
0;200;1650844800;2;319.81
1;300;1641513600;2;158.15
4;200;1578009600;3;908.84
7;300;1605312000;0;452.96
9;100;1633651200;2;515.88
5;200;1596844800;2;335.95
9;200;1584835200;1;594.03
9;300;1595289600;0;671.21
5;200;1597276800;0;464.61
0;300;1658448000;0;140.47
3;200;1589846400;1;703.7
8;100;1659571200;0;991.55
3;300;1625443200;1;648.59
5;200;1639612800;3;39.98
1;300;1578787200;2;128.91
6;300;1584662400;2;884.86
9;100;1643155200;0;630.0
10;100;1637798400;0;755.69
3;100;1663286400;2;261.88
2;200;1655769600;0;917.25
8;100;1615420800;3;811.66
3;100;1625011200;2;558.82
4;100;1592092800;3;499.76
6;100;1660780800;1;44.64
5;200;1590278400;0;437.68
0;200;1652227200;2;665.12
1;300;1642118400;0;248.11
10;200;1630540800;3;569.22
2;200;1641168000;3;450.13
8;100;1638748800;0;649.51
0;100;1645228800;1;79.03
10;100;1662076800;2;168.45
9;300;1626307200;1;29.95
3;200;1637625600;1;492.79
5;100;1609632000;1;878.66
4;300;1637020800;2;470.62
1;300;1631491200;2;52.5
7;100;1639180800;2;198.81
10;200;1629072000;0;642.74
2;300;1620518400;0;359.51
9;300;1595289600;1;385.82
7;200;1627344000;0;399.79
9;200;1627862400;0;878.83
0;100;1630540800;1;723.04
7;200;1582243200;1;556.55
0;100;1649721600;2;327.03
1;100;1609113600;1;813.4
8;100;1661385600;2;571.27
7;100;1654041600;1;982.72
6;200;1588204800;2;64.06
5;300;1589587200;1;513.86
6;200;1624060800;1;591.33
3;100;1602374400;3;341.53
10;200;1616198400;2;978.59
5;300;1602288000;0;110.86
0;200;1646092800;0;550.12
8;300;1586736000;0;131.57
6;100;1634169600;2;426.74
10;100;1656115200;3;239.12
0;100;1647475200;2;117.96
4;200;1631577600;2;436.49
0;100;1651017600;0;784.25
2;200;1628726400;0;521.13
0;100;1601078400;1;221.44
0;200;1608076800;1;710.26
9;200;1661558400;3;488.15
10;200;1625011200;1;208.45
1;100;1644105600;2;154.68
5;300;1635120000;0;172.34
5;100;1599177600;0;177.03
10;100;1587427200;3;12.16
1;300;1623801600;3;833.6
1;200;1602028800;0;898.26
1;200;1663200000;3;362.79
6;100;1581465600;2;676.11
6;100;1632614400;3;687.76
9;200;1613001600;1;837.07
2;100;1653091200;1;942.58
10;200;1579651200;3;907.4
3;300;1592438400;3;678.18
7;100;1664236800;2;879.08
9;100;1623110400;3;497.93
9;300;1643068800;2;855.77
6;300;1658188800;3;573.39
3;200;1630540800;1;346.9
4;300;1606348800;2;717.12
5;100;1635379200;1;666.16
9;100;1653350400;2;183.64
9;100;1577836800;0;495.56
1;300;1601424000;2;407.29
4;100;1616025600;3;233.05
2;300;1661558400;0;847.72
5;300;1584489600;1;826.23
10;300;1662854400;3;73.41
9;300;1583452800;1;374.81
7;300;1613260800;2;449.32
7;200;1621728000;1;38.18
9;100;1598054400;0;512.86
8;300;1578960000;1;591.09
10;100;1607558400;2;183.3
5;200;1637107200;2;48.69
5;200;1626134400;2;995.7
0;200;1598313600;0;91.94
2;300;1583107200;0;720.31
4;300;1614556800;1;131.59
3;300;1657670400;3;382.18
2;200;1650758400;0;354.58
6;200;1582070400;2;744.88
7;200;1639958400;1;546.99
8;200;1660867200;3;771.23
3;300;1628380800;1;348.67
0;300;1610582400;1;335.72
8;300;1580515200;3;951.88
4;100;1625270400;1;794.54
6;300;1627171200;2;8.54
5;200;1600473600;2;110.93
3;300;1611446400;2;292.75
0;300;1643846400;1;825.3
6;300;1593475200;2;3.77
8;300;1637020800;3;624.46
10;200;1638230400;0;220.16
1;300;1611360000;1;705.45
4;300;1655424000;1;871.56
1;100;1650672000;3;221.57
5;200;1609372800;2;280.39
6;200;1620864000;2;659.65
7;200;1640736000;1;517.76
3;200;1609113600;1;759.74
10;200;1588118400;3;193.98
7;300;1629936000;3;368.58
10;100;1601769600;1;923.6
2;200;1615075200;0;487.31
9;100;1587600000;3;660.56
0;300;1654732800;3;514.08
10;100;1596240000;3;886.79
7;300;1618963200;1;298.38
2;200;1662854400;1;631.24
4;200;1592092800;2;974.11
1;300;1579910400;2;116.51
10;300;1612224000;1;247.74
2;200;1635292800;3;495.53
4;100;1597363200;3;322.76
3;200;1612051200;1;818.97
5;300;1606694400;3;930.89
5;200;1591228800;2;433.14
8;300;1610323200;3;443.36
4;100;1598400000;2;799.23
7;200;1651276800;1;98.95
2;100;1586390400;2;689.35
9;300;1661299200;3;700.19
1;200;1607644800;3;611.76
7;300;1629763200;2;325.26
2;300;1629936000;0;465.66
7;300;1614124800;0;808.61
1;100;1625529600;3;705.6
4;300;1597363200;0;478.41
7;100;1608163200;1;758.13
1;300;1651190400;3;527.27
3;300;1653868800;1;283.45
1;200;1610409600;0;787.79
0;200;1584489600;0;666.7
4;100;1639958400;2;609.75
0;100;1607558400;1;273.9
8;200;1642377600;2;349.81
4;100;1640131200;1;218.38
2;300;1583020800;1;323.15
7;300;1626566400;2;610.02
8;300;1639008000;2;747.2
6;100;1644710400;0;683.9
0;200;1656374400;0;935.37
3;300;1600214400;3;95.14
0;200;1618358400;1;176.99
10;300;1612742400;0;609.41
2;100;1615075200;3;378.08
7;100;1602892800;2;399.28
5;100;1646265600;1;178.83
6;100;1660780800;1;366.53
3;200;1656288000;0;964.95
3;200;1599177600;2;37.11
1;100;1661299200;3;437.48
10;100;1606003200;0;432.38
4;100;1659312000;2;895.36
3;200;1600300800;2;197.27
10;300;1628294400;2;50.1
9;100;1587686400;2;228.16
6;100;1622505600;2;584.82
4;300;1649376000;2;876.19
6;100;1637020800;1;564.87
4;300;1620518400;2;187.03
7;100;1657670400;1;388.73
6;300;1620777600;2;915.55
6;300;1585785600;2;186.87
10;300;1651622400;1;454.95
9;300;1589068800;2;635.71
1;200;1578873600;2;851.1
0;100;1578700800;1;844.25
9;200;1617062400;0;718.77
5;300;1612656000;3;817.64
1;300;1636243200;2;163.94
5;300;1655337600;1;696.01
2;100;1630800000;1;597.9
3;300;1618012800;2;267.21
10;300;1648080000;1;199.99
8;200;1626480000;3;551.5
3;100;1609718400;2;195.27
5;100;1627689600;2;180.18
8;300;1640131200;3;391.1
4;300;1613779200;3;736.13
1;200;1619913600;1;941.49
7;200;1641513600;1;85.34
4;300;1621123200;2;620.89
6;100;1606262400;0;527.29
2;300;1579737600;2;860.84
10;100;1658448000;0;282.5
2;300;1624060800;3;647.48
9;100;1636588800;0;925.91
10;100;1596758400;0;168.74
9;100;1582070400;3;761.66
8;200;1582934400;0;723.33
8;300;1597190400;2;692.02
7;100;1597017600;2;243.84
2;200;1660521600;3;309.18
4;200;1610064000;1;563.52
5;200;1622332800;3;537.09
7;200;1603670400;2;121.92
0;200;1661817600;2;922.58
3;200;1644969600;0;168.88
10;300;1602806400;2;70.37
5;200;1598054400;1;711.95
10;100;1598745600;0;270.64
10;300;1614729600;2;929.38
1;200;1622160000;3;274.85
5;200;1609372800;1;211.29
10;300;1599696000;0;147.67
6;300;1598227200;2;685.96
4;300;1596758400;2;735.54
9;100;1625184000;3;146.95
10;200;1614297600;0;915.44
2;100;1661990400;1;308.99
5;100;1611014400;0;925.72
1;300;1593129600;0;938.88
6;200;1602115200;1;165.46
10;100;1653696000;0;526.32
10;300;1606348800;1;232.67
8;100;1650931200;0;356.16
5;300;1638403200;1;668.79
2;100;1622592000;0;749.84
5;200;1630540800;3;642.52
1;300;1598140800;2;469.8
4;100;1625961600;2;965.38
6;200;1580515200;3;354.86
5;100;1614211200;2;926.19
7;200;1578614400;3;582.72
0;300;1635724800;0;576.74
2;200;1658793600;2;877.31
2;200;1643587200;0;136.69
6;300;1603411200;2;569.94
8;200;1584144000;2;545.14
7;100;1625443200;0;106.92
0;100;1604361600;3;224.31
3;100;1653523200;3;533.13
2;300;1580774400;2;820.53
3;300;1641254400;1;7.99
1;300;1629590400;1;395.27
2;200;1602374400;3;108.02
7;100;1636588800;0;882.09
2;300;1622332800;2;259.77
9;300;1663027200;0;183.68
2;300;1653004800;2;305.08
9;200;1602547200;1;430.26
3;100;1635897600;3;397.41
7;100;1631232000;1;346.96
6;200;1577836800;3;302.55
5;100;1626480000;2;7.53
6;300;1590364800;3;869.62
2;100;1652572800;2;373.96
2;200;1655337600;1;649.46
7;100;1645660800;2;411.7
10;100;1615593600;0;187.59
4;300;1646870400;3;643.22
8;300;1630886400;2;72.46
8;100;1658361600;1;62.01
5;200;1586476800;0;844.85
7;200;1644624000;2;339.21
2;300;1609977600;2;124.96
8;200;1587945600;1;646.38
9;300;1608940800;0;648.91
7;300;1626652800;0;249.38
3;100;1648684800;2;625.02
7;100;1611878400;3;5.74
1;200;1645228800;2;771.42
1;300;1616803200;1;196.91
2;300;1662422400;1;839.87
5;200;1654473600;3;162.37
5;300;1655942400;0;551.99
9;300;1593648000;3;870.98
2;100;1604793600;3;943.79
1;100;1654300800;3;442.66
5;300;1648857600;0;874.14
5;300;1630454400;0;237.65
9;200;1618444800;1;427.18
2;200;1628294400;2;724.7
8;100;1633305600;3;118.05
0;200;1604102400;2;398.9
0;200;1663027200;1;721.06
2;300;1634169600;3;532.24
6;200;1582761600;3;632.29
2;300;1661385600;1;611.5
0;100;1623196800;0;654.55
8;300;1643068800;0;271.22
5;200;1612742400;3;984.9
9;200;1663286400;2;517.36
7;100;1607212800;1;173.75
3;200;1639008000;3;343.42
4;100;1659139200;3;475.2
3;200;1597449600;0;694.57
0;300;1652140800;1;502.24
5;100;1580947200;2;376.58
9;300;1590451200;3;196.16
8;100;1646611200;1;731.97
3;100;1587081600;3;938.74
2;200;1579910400;3;635.66
5;300;1662854400;2;575.13
6;100;1604188800;2;965.23
5;100;1653004800;0;64.18
2;200;1641427200;2;815.47
2;300;1638057600;0;128.71
7;200;1603065600;3;559.88
9;300;1660262400;2;461.88
10;100;1642636800;1;917.85
1;300;1578355200;2;132.83
0;300;1638748800;3;330.13
10;100;1586822400;1;314.41
7;100;1644105600;3;628.04
5;200;1663891200;3;753.1
2;300;1620172800;1;531.27
9;200;1607472000;1;393.99
4;300;1626393600;3;637.44
8;200;1578700800;0;502.89
9;300;1659571200;3;769.34
10;200;1649548800;0;949.03
9;100;1642464000;0;132.02
2;300;1598659200;0;153.03
0;300;1659398400;0;534.48
0;300;1620950400;3;803.43
6;100;1649808000;2;159.17
6;300;1656460800;2;552.25
8;300;1633305600;2;923.91
1;200;1585958400;3;984.88
10;100;1644364800;3;318.77
0;300;1637452800;1;417.67
7;100;1598659200;1;504.5
2;100;1652313600;0;261.32
10;100;1621468800;0;437.03
6;300;1633392000;3;418.58
9;300;1579564800;3;516.21
4;100;1634169600;3;268.12
2;300;1651363200;3;424.21
8;200;1587600000;0;382.72
8;100;1606176000;0;853.66
6;200;1614816000;2;562.49
5;200;1621123200;2;765.61
2;200;1621814400;1;576.8
2;200;1613865600;0;691.11
3;100;1622592000;3;647.73
9;200;1626048000;3;945.16
7;200;1600214400;2;98.52
5;100;1660953600;0;669.42
1;200;1636848000;1;892.99
7;100;1610064000;2;649.21
8;200;1581552000;3;158.63
2;200;1640822400;3;377.9
0;200;1621814400;1;526.65
1;300;1646006400;2;52.9
10;100;1639612800;1;245.31
8;200;1610323200;0;140.9
7;300;1621296000;2;842.54
6;300;1596067200;0;956.46
2;200;1639094400;3;585.54
2;200;1650758400;3;173.72
5;100;1662249600;3;701.27
1;300;1642636800;2;234.7
1;200;1632182400;1;990.31
7;300;1627430400;0;320.79
0;200;1594771200;3;283.73
7;300;1656115200;3;698.77
5;100;1647820800;1;254.89
7;300;1659657600;3;991.84
2;200;1605830400;3;865.69
5;300;1630627200;2;571.97
7;200;1631145600;1;329.94
0;200;1616457600;2;660.47
1;100;1663545600;0;375.2
4;300;1590969600;2;54.78
9;100;1601942400;1;738.68
6;100;1581465600;2;270.51
3;100;1580083200;2;106.16
3;100;1628467200;2;583.82
8;300;1622764800;1;27.23
6;300;1641081600;0;699.03
4;100;1651104000;3;984.43
1;300;1597881600;0;663.42
8;200;1602201600;1;308.59
9;200;1604793600;2;703.74
2;100;1663977600;1;872.56
4;300;1590537600;1;105.85
0;100;1655251200;0;495.35
2;100;1599955200;0;529.34
7;100;1609113600;3;91.92
9;300;1596326400;1;191.16
4;100;1627689600;2;493.96
9;300;1618531200;2;588.31
5;300;1629244800;1;784.82
4;200;1593648000;0;917.5
4;200;1582416000;1;887.62
5;200;1656633600;3;138.58
2;200;1617580800;2;787.33
2;300;1605571200;0;447.23
1;300;1662768000;1;173.63
6;300;1596067200;1;236.56
4;100;1578268800;1;949.94
2;200;1636243200;0;508.02
9;200;1605657600;0;218.99
2;300;1580947200;3;885.28
4;100;1643846400;0;230.06
8;100;1642896000;3;911.2
8;200;1619654400;0;365.25
10;300;1611100800;3;273.24
3;300;1614211200;2;744.97
0;200;1648252800;1;534.24
10;300;1590883200;3;666.57
5;200;1609545600;3;465.76
10;100;1602460800;1;870.79
5;200;1660348800;1;730.09
5;300;1594512000;2;705.07
1;100;1614643200;3;525.02
4;100;1635984000;2;437.29
9;100;1656028800;3;298.13
3;300;1652572800;2;192.77
5;300;1597622400;0;246.47
0;300;1644537600;2;484.25
6;300;1606608000;3;911.32
0;100;1604966400;1;658.06
10;100;1650585600;1;432.08
1;200;1599264000;0;272.85
2;100;1601251200;3;529.33
6;200;1635811200;2;241.71
0;300;1578268800;1;223.03
7;300;1658707200;3;881.25
3;300;1595808000;1;345.64
5;300;1649894400;0;495.99
4;200;1596240000;2;482.93
0;100;1610064000;0;565.27
0;300;1618531200;3;767.32
5;100;1610150400;0;535.01
0;200;1663718400;1;969.4
1;300;1619049600;2;906.14
9;100;1582934400;3;729.68
5;100;1641081600;2;779.89
0;200;1649289600;3;936.54
9;100;1608508800;0;57.4
1;300;1636761600;2;358.48
1;300;1631491200;1;211.87
10;300;1597795200;1;283.41
4;300;1612828800;0;690.12
7;300;1625184000;2;96.49
1;200;1586908800;2;38.07
0;300;1616112000;3;326.03
6;300;1578182400;3;133.3
4;300;1655078400;3;920.0
3;200;1619308800;0;632.66
8;100;1593302400;1;514.28
3;200;1661731200;1;199.84
7;200;1640476800;2;61.1
9;300;1591315200;2;148.65
1;100;1584576000;2;682.16
0;200;1649548800;0;862.21
7;100;1622246400;2;367.71
5;100;1657065600;0;538.56
6;200;1606694400;0;32.33
10;300;1653264000;3;73.99
9;100;1658707200;2;705.71
0;300;1612051200;1;553.79
7;300;1606694400;3;604.62
3;200;1639612800;2;90.1
3;200;1625356800;2;314.58
10;200;1660003200;3;531.86
2;100;1618876800;1;726.74
6;300;1580428800;0;557.19
8;300;1605571200;0;599.17
6;300;1577923200;0;549.67
10;100;1660003200;1;823.03
1;200;1637971200;1;333.18
2;300;1634169600;3;461.3
2;200;1660003200;1;688.11
4;100;1594684800;3;771.77
0;100;1599782400;2;837.13
10;200;1629417600;2;831.79
10;300;1662854400;2;731.06
4;300;1579564800;2;782.41
8;300;1609718400;1;733.35
2;300;1634601600;3;298.59
5;200;1609632000;1;333.51
1;100;1653177600;3;685.87
4;300;1663804800;1;838.76
5;300;1653091200;3;900.87
0;300;1594512000;2;961.55
1;300;1650844800;1;887.6
9;100;1605139200;1;509.17
7;300;1602547200;3;64.76
4;100;1659571200;0;436.55
0;200;1581811200;3;175.16
7;300;1585440000;0;545.16
2;100;1626480000;3;837.02
5;200;1655078400;3;480.58
2;100;1643068800;0;114.85
7;100;1641513600;0;117.06
3;200;1632614400;0;886.09
6;200;1614643200;1;930.32
2;300;1656374400;1;784.82
10;300;1638057600;1;676.6
4;200;1663804800;1;634.76
3;300;1649289600;3;749.21
6;100;1638057600;1;166.42
3;200;1654819200;1;189.13
6;200;1616457600;3;778.16
8;300;1623974400;2;430.07
4;100;1619568000;1;800.11
6;100;1664150400;3;274.65
3;200;1589760000;1;156.78
1;300;1642291200;1;508.83
0;100;1613347200;2;495.27
10;200;1658707200;3;413.86
7;300;1654732800;3;168.33
9;200;1633910400;3;688.05
1;300;1603756800;0;886.2
3;300;1581552000;1;647.86
5;300;1612310400;0;825.01
3;300;1587600000;1;273.61
3;100;1578960000;1;211.73
8;200;1625011200;3;107.96
2;100;1663372800;2;885.02
3;200;1589673600;2;610.82
6;300;1623110400;2;78.0
5;200;1663632000;0;901.22
3;100;1588896000;1;814.1
1;100;1625875200;3;340.55
5;100;1579737600;0;507.32
6;200;1650412800;3;810.2
7;100;1654128000;0;657.61
1;100;1601942400;0;365.33
4;300;1620345600;0;985.27
3;200;1606521600;0;235.25
4;200;1613779200;1;688.61
3;300;1651881600;2;143.46
0;200;1635206400;3;763.8
9;300;1583366400;0;500.93
2;300;1662249600;3;757.07
7;300;1628726400;3;724.8
2;200;1622764800;0;92.84
7;200;1615680000;2;382.75
2;200;1607299200;0;889.79
3;300;1611273600;1;21.0
6;100;1611187200;0;731.95
3;300;1646438400;0;219.52
4;100;1622851200;3;410.48
1;200;1640649600;3;791.31
5;100;1580774400;1;822.04
1;300;1645142400;2;685.99
3;100;1639785600;1;84.95
7;300;1585094400;1;12.6
8;100;1638316800;1;147.78
4;300;1640476800;3;713.93
1;100;1619395200;0;474.34
7;300;1619049600;3;931.52
9;200;1582156800;2;271.01
6;300;1629158400;3;197.74
10;300;1641945600;2;446.41
0;200;1648857600;0;697.26
8;100;1607385600;1;117.11
7;200;1633305600;1;603.63
4;100;1607904000;0;119.45
0;300;1642723200;3;6.09
7;200;1646870400;1;875.4
4;200;1627948800;1;504.86
0;200;1614211200;1;185.95
3;300;1646524800;2;363.25
3;300;1604620800;1;145.12
5;100;1596067200;3;985.79
4;200;1649548800;3;166.29
9;100;1630540800;3;552.57
2;100;1584144000;1;607.42
8;200;1634342400;3;979.57
4;200;1618963200;0;486.24
4;100;1602201600;1;3.54
3;200;1589328000;1;586.49
6;300;1591660800;0;915.52
4;100;1638835200;1;136.67
2;200;1648512000;3;901.02
4;100;1603065600;1;17.33
10;200;1635292800;2;926.53
8;200;1600128000;3;142.5
4;300;1650153600;3;602.1
7;100;1626998400;1;35.51
10;300;1634342400;3;778.91
10;300;1601078400;2;390.89
8;100;1591660800;3;657.4
4;300;1580342400;3;5.38
4;200;1585526400;2;9.16
5;300;1660867200;2;102.67
5;300;1609977600;3;231.29
8;200;1608336000;2;554.19
8;100;1610582400;0;374.74
9;300;1587600000;1;166.71
9;300;1609286400;2;859.8
3;300;1601337600;3;694.34
4;300;1646092800;3;295.69
10;100;1610755200;1;354.63
9;300;1600387200;1;373.75
10;300;1579219200;0;600.62
7;100;1603670400;2;386.1
2;100;1643500800;3;380.17
6;300;1587168000;0;8.16
2;300;1643328000;0;262.54
10;200;1613692800;0;728.3
10;200;1640995200;3;687.48
5;100;1615507200;3;126.02
7;100;1636243200;2;271.9
0;100;1582156800;0;610.61
8;300;1638316800;0;684.02
2;100;1613779200;3;29.72
6;100;1649030400;3;680.67
8;300;1605657600;3;725.61
3;100;1652140800;0;519.73
0;200;1660694400;3;677.37
9;300;1660953600;2;730.49
6;200;1613433600;0;710.42
10;300;1646006400;3;714.81
9;200;1658102400;3;639.72
4;300;1606521600;2;614.05
4;300;1624492800;1;387.55
9;100;1654387200;2;962.32
7;200;1621382400;0;577.83
7;200;1635292800;0;878.75
2;300;1610668800;3;700.56
3;300;1622332800;2;805.67
9;100;1600300800;0;886.19
1;100;1623542400;0;79.84
4;100;1593388800;3;904.06
9;300;1610409600;2;715.34
4;200;1615680000;3;704.68
9;300;1611446400;2;746.44
7;100;1601164800;1;232.82
1;100;1616284800;0;605.18
3;100;1660348800;3;594.68
8;100;1600300800;3;910.49
10;200;1653782400;2;651.99
9;200;1615766400;2;646.72
3;100;1628035200;0;181.48
1;200;1635033600;1;263.1
1;200;1601856000;3;657.51
2;200;1645488000;0;353.78
8;200;1629417600;2;698.48
6;200;1618012800;0;608.59
6;100;1652400000;2;943.68
8;200;1580428800;3;869.99
3;200;1646179200;3;807.71
4;100;1580601600;0;548.79
1;100;1658793600;3;817.27
8;100;1624147200;2;906.57
0;100;1603411200;3;842.52
1;300;1591401600;1;684.89
0;100;1663977600;0;315.54
6;300;1663286400;0;555.67
8;200;1609372800;3;546.35
10;100;1606953600;2;431.34
4;300;1645315200;2;259.26
0;300;1603238400;2;668.83
5;200;1622160000;0;434.71
0;300;1626912000;3;939.61
9;200;1645574400;3;602.76
9;300;1580774400;1;709.45
9;200;1603497600;2;104.06
0;100;1626480000;0;450.38
9;100;1644624000;2;135.23
9;300;1626220800;0;934.39
8;100;1642032000;2;307.4
1;100;1619308800;1;522.73
4;300;1604016000;3;311.92
0;200;1583712000;1;768.29
4;300;1593388800;2;996.42
10;200;1613088000;2;262.96
7;300;1631577600;1;656.41
8;300;1644192000;2;272.66
3;200;1649635200;1;303.91
10;100;1602374400;2;301.56
5;100;1640736000;1;469.85
5;300;1617840000;3;524.46
0;100;1624665600;1;845.26
9;100;1580342400;1;680.16
6;300;1631145600;1;821.97
9;200;1640736000;3;532.76
8;300;1628294400;2;95.95
2;300;1627862400;3;924.4
3;200;1614297600;2;658.47
1;200;1589673600;0;595.03
4;200;1578614400;1;493.77
4;100;1582761600;1;310.09
8;100;1639699200;2;428.88
6;200;1622160000;1;740.99
0;100;1660435200;0;124.95
7;200;1582588800;3;672.36
6;200;1635379200;0;364.92
7;300;1587081600;1;230.72
8;200;1620864000;2;824.16
2;100;1625184000;2;667.02
3;300;1638403200;2;286.29
6;300;1649462400;0;455.32
7;200;1626912000;0;321.39
0;100;1636761600;2;417.8
10;200;1658448000;1;603.58
6;100;1584057600;2;568.4
7;300;1611619200;0;184.36
0;300;1657843200;2;712.05
1;100;1579564800;0;909.55
5;100;1591056000;2;8.74
6;100;1621555200;0;838.6
9;200;1596672000;1;400.28
2;100;1587945600;3;209.74
7;300;1622592000;1;29.0
1;300;1641427200;0;156.09
0;200;1587772800;3;161.28
4;200;1622937600;2;494.87
3;100;1594684800;1;139.68
3;200;1630195200;0;976.59
0;100;1634860800;3;179.45
5;300;1647388800;0;607.5
8;200;1614988800;2;92.23
1;100;1614643200;0;512.87
7;200;1604793600;0;958.38
2;200;1656547200;2;459.65
4;300;1620259200;0;596.22
10;100;1613347200;2;848.7
3;200;1588723200;3;457.39
10;200;1593302400;0;346.63
6;100;1649030400;3;286.65
0;200;1595635200;3;854.35
10;200;1579478400;3;44.32
8;100;1640044800;2;903.44
5;200;1597708800;1;859.88
5;200;1582934400;3;636.95
3;100;1588550400;3;446.68
1;300;1604361600;2;76.65
0;100;1593216000;1;29.75
6;100;1583280000;0;667.72
6;300;1586908800;1;739.29
6;100;1598572800;2;323.72
9;100;1622592000;0;553.37
10;100;1608768000;3;339.32
4;100;1633132800;2;803.81
3;200;1655856000;1;630.74
1;200;1660176000;0;190.94
0;100;1617235200;0;683.55
7;100;1630368000;0;295.72
9;100;1589155200;2;380.75
3;300;1613952000;0;447.43
4;200;1657065600;2;134.29
3;200;1625011200;3;840.87
0;300;1600300800;1;773.15
8;200;1626134400;2;469.63
1;100;1584835200;1;427.4
4;200;1612310400;1;977.34
6;100;1631491200;3;62.75
2;200;1597622400;3;517.2
1;100;1600905600;3;302.42
9;100;1647561600;1;670.68
10;300;1590019200;3;922.82
4;300;1624406400;3;724.53
9;200;1581292800;3;272.86
6;200;1618444800;1;618.07
4;200;1641168000;3;936.33
0;100;1595721600;2;818.69
0;100;1616630400;3;400.12
5;100;1587859200;3;820.52
1;200;1586736000;0;476.45
10;300;1585440000;1;745.72
10;200;1588291200;3;137.75
0;100;1644969600;3;27.35
5;100;1621641600;0;351.86
8;200;1619136000;2;543.32
2;200;1660348800;3;576.4
1;200;1587081600;0;812.08
7;100;1634256000;1;851.72
8;200;1578009600;2;641.15
5;300;1599004800;2;514.77
0;200;1623888000;0;631.0
0;200;1577836800;1;996.96
9;200;1646697600;2;980.72
2;300;1611878400;1;669.89
5;300;1610841600;1;761.35
6;200;1611187200;3;284.97
5;100;1599868800;3;76.87
3;300;1654214400;2;749.08
0;100;1639612800;1;209.19
1;200;1611619200;1;161.22
10;200;1634083200;0;417.31
10;300;1593216000;3;905.5
4;100;1609891200;0;226.9
4;200;1620518400;2;823.97
9;200;1622505600;3;650.76
8;300;1624147200;3;457.36
8;200;1663027200;2;900.96
3;100;1637366400;1;793.11
1;100;1584748800;0;156.92
0;200;1603065600;2;195.13
8;200;1624924800;0;506.74
2;100;1603411200;2;574.51
6;300;1640044800;2;544.77
7;300;1594080000;2;727.4
10;300;1612742400;0;944.03
10;200;1632960000;0;574.27
10;100;1628035200;0;431.24
2;300;1627084800;2;854.11
10;300;1641945600;1;877.56
5;100;1578355200;2;269.93
10;200;1603238400;3;168.69
0;200;1647734400;3;226.82
9;300;1618876800;0;604.54
10;100;1620950400;3;543.84
0;100;1624752000;1;858.2
0;300;1597017600;0;203.49
8;100;1582070400;1;378.69
4;100;1633132800;1;507.66
9;200;1642809600;2;940.3
7;300;1602201600;3;88.46
0;100;1632614400;0;407.43
7;200;1652140800;2;674.91
5;200;1587772800;3;628.87
4;200;1615248000;2;641.97
10;200;1584921600;0;642.69
3;300;1598918400;2;681.26
0;200;1627257600;2;241.71
3;300;1614124800;1;451.63
3;300;1651190400;0;354.65
1;300;1588377600;0;463.37
8;100;1646438400;3;669.98
2;200;1583280000;0;346.88
9;100;1620950400;2;153.79
5;200;1616630400;3;495.49
1;200;1650499200;2;944.95
1;200;1580083200;1;321.12
7;200;1643328000;0;471.36
3;300;1584316800;1;351.87
4;100;1648771200;2;243.21
3;200;1663027200;2;10.09
0;100;1628380800;1;766.89
4;100;1599868800;3;401.26
1;100;1632528000;1;474.87
6;300;1661385600;2;327.75
1;300;1604361600;2;146.02
1;100;1586044800;3;398.9
0;100;1577836800;2;740.86
9;100;1602115200;2;659.59
2;200;1588377600;1;935.38
1;200;1585526400;1;585.01
6;100;1642377600;1;386.82
4;100;1664150400;3;547.1
4;300;1653350400;0;508.63
3;300;1601769600;3;954.1
1;300;1663372800;2;910.17
7;200;1646611200;3;942.1
3;100;1630713600;1;405.01
6;100;1638662400;3;538.05
10;300;1596240000;0;652.18
2;100;1615593600;1;819.39
4;200;1645401600;3;761.57
2;300;1651795200;2;267.33
9;100;1606608000;1;969.78
3;200;1599091200;0;550.95
10;200;1625529600;1;224.96
3;100;1590278400;1;448.56
6;100;1586044800;0;23.11
2;100;1607385600;3;601.72
6;200;1578528000;3;691.95
3;300;1578355200;2;512.87
10;300;1624060800;2;675.2
7;300;1585872000;3;541.31
0;300;1622073600;3;228.27
1;100;1630195200;3;328.03
10;100;1638403200;0;725.92
7;200;1582156800;0;363.53
1;200;1653004800;1;486.44
3;100;1631923200;1;570.71
4;200;1657065600;3;771.64
4;100;1590364800;3;185.92
10;100;1598832000;0;180.35
2;300;1597968000;3;899.9
3;200;1624752000;1;527.35
2;200;1595721600;1;141.78
1;300;1607558400;3;48.84
8;300;1616803200;2;811.49
7;200;1630108800;2;346.2
5;100;1607817600;3;313.04
7;300;1659830400;1;781.96
7;100;1611100800;2;98.96
6;200;1629417600;3;349.65
10;300;1646956800;0;396.57
4;200;1637539200;0;513.14
7;200;1601769600;3;743.13
9;200;1657670400;3;394.15
8;100;1611705600;2;391.99
3;100;1590451200;3;464.95
3;100;1606867200;3;3.01
0;100;1650672000;0;637.82
10;100;1606176000;1;625.05
10;100;1649721600;3;372.35
0;200;1635292800;2;650.72
2;200;1581292800;0;926.26
0;200;1623456000;2;177.37
1;100;1625788800;3;44.39
8;200;1627776000;1;546.14
10;100;1657929600;1;869.84
2;200;1598227200;2;86.21
4;100;1596672000;1;288.99
7;300;1652486400;3;692.19
7;300;1661817600;1;86.24
7;100;1656633600;2;847.36
5;200;1601856000;2;673.06
9;100;1594857600;0;889.51
1;300;1646179200;1;433.65
5;300;1585008000;3;670.16
1;200;1646524800;2;438.36
4;300;1624492800;0;883.51
9;100;1645056000;3;87.95
9;100;1604966400;3;619.66
2;200;1604188800;1;331.08
6;300;1582416000;0;77.74
3;100;1594598400;1;539.28
4;100;1641772800;2;560.06
10;100;1589068800;3;311.12
5;200;1627862400;0;700.46
1;200;1612742400;2;557.06
9;100;1590105600;1;334.59
0;200;1599868800;1;864.18
7;200;1580774400;1;15.88
5;100;1640995200;1;623.91
5;100;1600041600;2;159.23
6;100;1619481600;2;935.55
4;100;1580342400;2;484.77
2;300;1610064000;3;737.01
2;200;1593648000;0;352.39
7;200;1651104000;1;357.46
8;300;1627689600;2;161.48
6;100;1611187200;3;175.97
0;300;1608076800;3;241.43
2;100;1584576000;3;869.2
7;200;1652486400;0;544.62
6;100;1627603200;0;961.28
5;100;1647820800;3;436.19
10;100;1596240000;3;545.87
5;100;1608249600;3;632.26
6;300;1602547200;3;604.22
0;300;1583798400;0;251.7
9;200;1637280000;1;948.79
3;200;1645142400;0;518.64
0;300;1627948800;1;287.14
6;300;1656460800;2;130.68
8;100;1590537600;0;411.56
2;200;1613260800;3;671.75
5;300;1649635200;1;198.05
7;300;1607644800;1;722.13
6;300;1609718400;3;261.6
8;300;1593129600;0;301.84
3;300;1637193600;1;7.74
2;300;1583452800;0;831.71
0;200;1613088000;1;406.69
2;300;1626998400;0;303.62
10;300;1649808000;1;671.08
2;200;1650412800;0;806.24
9;300;1602460800;3;844.89
10;100;1630800000;2;331.07
1;200;1579737600;0;942.48
7;100;1654732800;2;304.78
4;300;1603065600;1;170.91
4;300;1597968000;3;7.77
6;100;1643846400;2;134.52
4;300;1658016000;0;803.5
9;100;1582416000;1;371.86
9;200;1623801600;2;445.16
7;200;1616025600;0;507.93
0;200;1632614400;0;87.77
0;300;1607644800;2;102.46
6;300;1652572800;0;957.38
7;200;1648080000;1;53.91
2;300;1628640000;0;182.21
8;200;1595289600;2;554.6
3;200;1581552000;0;771.62
9;300;1619568000;0;423.66
4;300;1611187200;2;534.25
7;100;1644278400;3;113.99
0;300;1634428800;1;488.48
2;300;1612828800;1;540.25
3;200;1584835200;1;252.42
1;200;1659312000;2;377.28
0;100;1662681600;3;362.03
9;300;1659225600;0;227.92
1;300;1581897600;0;352.52
1;300;1594339200;0;181.45
8;300;1642723200;2;644.25
2;200;1645747200;3;966.92
10;300;1644364800;2;597.34
8;200;1600387200;1;870.51
5;100;1605916800;3;835.43
1;300;1662163200;0;715.04
4;100;1595635200;3;79.99
9;100;1614643200;1;843.95
2;300;1595116800;3;424.28
1;200;1588550400;0;870.18
9;200;1646092800;3;973.66
0;100;1649116800;3;577.04
9;100;1589587200;1;904.99
4;200;1638576000;0;573.89
5;200;1641254400;1;553.42
10;100;1632009600;3;169.02
1;100;1661040000;1;845.72
5;100;1628208000;1;35.49
8;100;1625961600;2;881.76
8;100;1597708800;3;967.49
4;100;1639094400;0;358.76
10;200;1630886400;3;220.47
1;100;1639180800;0;241.06
7;200;1596844800;1;286.7
6;100;1645228800;3;860.5
5;100;1618876800;1;899.71
5;200;1652659200;0;979.97
8;100;1638230400;3;861.79
4;200;1619136000;2;235.66
7;200;1608595200;3;369.1
7;100;1619136000;1;849.29
10;100;1629331200;0;926.36
2;300;1599868800;0;5.99
4;200;1636156800;1;704.27
5;300;1632268800;2;620.92
7;300;1649030400;2;226.9
3;300;1606521600;3;713.88
5;200;1585872000;2;240.77
9;200;1642636800;1;333.44
6;300;1634256000;3;23.71
5;300;1635292800;2;536.12
0;100;1647129600;3;14.96
6;300;1647734400;0;770.23
3;300;1579046400;2;89.96
10;100;1600819200;3;945.78
5;100;1659571200;1;411.78
7;200;1641254400;2;708.57
4;200;1641945600;0;474.47
0;300;1588204800;0;324.54
9;300;1630108800;2;810.98
4;100;1602460800;3;995.13
3;200;1621209600;1;969.1
10;300;1613088000;3;959.79
7;300;1603756800;2;919.5
10;100;1621296000;0;928.97
2;300;1623196800;2;664.34
3;200;1614211200;0;284.47
3;300;1643155200;2;887.75
9;100;1599523200;2;583.43
7;200;1649635200;0;936.67
3;200;1633564800;3;503.4
6;200;1616716800;3;798.15
10;100;1589414400;3;162.58
0;200;1578441600;2;952.22
5;200;1583452800;0;345.32
5;200;1657756800;1;292.87
2;100;1621123200;0;592.88
6;200;1579824000;0;158.09
7;300;1619827200;3;367.54
1;200;1630022400;2;543.56
9;300;1580083200;2;7.01
5;200;1633478400;0;132.19
8;100;1661644800;3;971.04
8;300;1582502400;0;40.2
4;100;1643932800;2;540.79
5;100;1610236800;1;80.33
9;200;1644451200;3;879.5
6;100;1655078400;0;502.85
3;200;1617753600;3;500.01
5;100;1608076800;1;456.62
8;100;1630627200;3;847.87
2;100;1656460800;2;992.05
9;300;1648857600;2;215.52
5;300;1608336000;0;31.83
5;200;1644192000;1;838.74
3;100;1581811200;2;481.29
3;200;1652227200;0;353.07
4;200;1627948800;1;562.07
4;200;1615334400;3;17.84
10;200;1650844800;2;860.11
0;100;1592006400;3;912.17
2;100;1578009600;3;209.02
8;300;1635897600;1;761.18
6;200;1648080000;3;629.09
7;100;1651622400;1;147.85
0;200;1638835200;1;444.57
9;200;1620086400;1;309.9
3;100;1663891200;2;689.92
3;200;1589587200;3;978.96
4;200;1632096000;1;679.25
10;200;1651017600;0;22.09
7;300;1639872000;3;275.28
6;200;1638835200;2;585.23
2;300;1641600000;3;647.21
5;300;1638144000;1;710.98
1;100;1624233600;3;582.56
0;300;1629936000;2;10.47
1;200;1655683200;0;663.65
7;100;1583020800;0;250.46
5;100;1626393600;0;637.97
3;200;1632873600;1;290.55
4;200;1614384000;3;857.08
9;100;1640476800;0;46.17
8;300;1607126400;2;107.54
9;100;1664150400;3;734.59
6;200;1613865600;1;172.87
10;200;1638835200;1;420.73
5;300;1645920000;0;588.95
9;200;1577923200;3;714.05
9;200;1623888000;3;183.01
9;300;1587945600;0;601.56
7;300;1655424000;1;684.59
6;100;1583798400;1;872.05
1;200;1658880000;2;848.99
6;100;1612137600;3;899.23
5;100;1601942400;1;443.35
6;100;1644710400;1;53.61
1;300;1603670400;1;198.8
3;200;1648080000;1;821.99
5;300;1579392000;0;834.5
8;300;1615680000;1;466.35
10;100;1644537600;1;433.37
3;200;1597622400;3;255.22
8;200;1645228800;1;489.0
4;200;1614038400;3;709.71
6;300;1619308800;1;809.01
4;300;1589587200;0;309.71
0;300;1587600000;1;532.09
5;300;1588377600;0;689.3
1;300;1602547200;0;620.01
8;200;1602547200;2;439.91
8;300;1582934400;0;476.04
1;200;1583366400;3;986.23
5;100;1586217600;3;893.91
8;100;1587081600;3;903.06
9;100;1642204800;3;10.12
0;100;1580774400;1;838.09
7;100;1656201600;3;770.6
2;300;1657065600;3;94.18
0;100;1636156800;2;739.57
7;300;1578009600;3;59.98
1;100;1600473600;3;251.93
5;200;1637366400;0;253.43
6;100;1593216000;0;472.75
3;300;1623196800;1;883.17
7;100;1635984000;3;891.84
0;200;1608595200;3;555.05
3;300;1629936000;0;833.34
2;300;1593907200;1;86.71
6;100;1610064000;0;353.79
7;100;1614211200;3;296.69
3;100;1640736000;1;349.89
0;300;1579132800;3;283.59
1;100;1647820800;3;264.16
6;200;1647388800;1;843.69
6;200;1625011200;0;56.31
3;300;1594339200;3;368.08
9;100;1646352000;3;920.54
0;200;1663977600;0;212.9
2;300;1586563200;0;738.39
10;300;1593043200;2;322.75
7;300;1615939200;0;680.43
4;100;1652054400;0;101.22
4;300;1637020800;0;55.56
10;200;1660694400;0;46.55
10;100;1630540800;2;873.01
7;200;1658707200;3;244.11
8;300;1631577600;3;97.27
5;100;1628380800;2;210.3
3;200;1637712000;3;78.83
10;200;1595808000;3;293.87
6;300;1629849600;2;390.7
4;100;1655856000;2;53.6
6;300;1653177600;0;297.57
10;200;1596067200;0;969.78
0;200;1644278400;2;974.2
6;200;1631750400;2;481.13
10;300;1614556800;0;343.11
4;200;1614038400;1;55.06
8;300;1598227200;2;519.34
4;200;1621382400;0;686.55
1;100;1632873600;1;527.4
4;100;1653609600;2;949.74
7;200;1663459200;3;252.31
3;100;1601337600;2;220.18
9;200;1592265600;2;890.67
8;100;1638748800;3;846.31
7;300;1609113600;0;832.51
1;200;1607212800;3;41.98
2;200;1647907200;2;81.61
3;300;1579219200;1;643.83
10;300;1662249600;1;961.84
1;200;1622937600;3;664.93
3;100;1588809600;2;374.4
7;200;1596931200;3;923.69
6;300;1660608000;0;263.91
0;100;1643155200;1;283.57
1;100;1606521600;2;349.59
9;100;1608076800;1;366.31
9;200;1651449600;3;914.56
7;200;1638057600;2;536.38
3;100;1601942400;2;30.43
5;100;1655164800;2;975.47
3;200;1651017600;3;10.85
4;200;1618790400;3;259.31
2;100;1608163200;0;14.61
7;300;1614297600;3;205.07
6;200;1653004800;3;91.26
7;300;1602028800;3;707.01
4;300;1650758400;3;321.11
9;300;1588204800;2;977.99
9;200;1591833600;2;603.01
8;300;1637712000;1;600.23
2;100;1633996800;3;528.79
7;300;1619049600;3;478.46
8;200;1634688000;3;285.69
2;200;1631491200;3;823.74
5;300;1656115200;2;411.57
0;100;1663200000;2;150.27
7;200;1608249600;1;290.69
6;100;1631318400;1;972.33
6;300;1656720000;2;835.88
10;100;1593129600;3;340.88
0;300;1646870400;2;772.26
3;100;1657584000;3;286.67
3;100;1635984000;0;328.45
1;100;1624665600;2;840.51
7;300;1625961600;2;209.87
9;200;1613174400;2;435.67
1;100;1579824000;1;31.78
4;200;1656892800;3;235.87
8;200;1603324800;3;923.73
0;300;1642204800;3;968.96
8;100;1644451200;1;830.0
0;200;1587427200;1;476.24
9;200;1659744000;2;405.11
0;300;1623628800;0;28.29
9;200;1614902400;0;972.39
8;200;1598313600;0;443.54
7;200;1651708800;0;797.46
7;100;1586822400;3;302.51
7;100;1578355200;1;957.06
7;200;1663200000;3;788.99
6;300;1648425600;1;298.87
6;200;1620518400;2;47.24
3;200;1652745600;3;463.25
6;200;1634428800;0;723.74
7;300;1626825600;0;890.88
10;300;1646524800;0;793.4
8;100;1663200000;3;186.12
1;300;1606953600;1;698.41
0;100;1658016000;2;40.71
3;300;1629504000;0;656.68
9;100;1612310400;2;894.82
9;100;1633564800;1;735.82
5;200;1626652800;3;182.01
2;100;1591228800;3;721.55
4;200;1582243200;0;556.23
1;200;1584144000;3;799.46
5;300;1655596800;2;287.4
10;300;1610496000;1;434.77
10;100;1585180800;0;452.32
0;300;1642636800;3;49.64
7;200;1579996800;0;709.28
4;300;1581897600;2;268.65
1;300;1587513600;0;53.06
6;200;1651449600;2;354.4
5;300;1599609600;0;735.62
4;200;1589673600;0;836.97
0;300;1646265600;1;515.82
9;200;1594684800;3;465.68
9;100;1617753600;0;463.03
0;300;1587686400;0;747.42
8;100;1622246400;3;191.6
4;100;1651276800;1;214.33
1;100;1655856000;0;247.19
1;100;1593734400;1;716.82
6;200;1608768000;0;547.46
8;200;1636243200;0;631.93
6;300;1655164800;2;883.36
2;200;1590710400;3;395.27
1;200;1657584000;2;51.87
7;100;1625443200;1;47.46
2;100;1630713600;1;614.43
4;100;1648857600;0;992.26
10;200;1638403200;2;904.96
8;200;1604361600;2;391.75
0;100;1655683200;2;517.24
3;100;1624838400;2;102.85
4;100;1627171200;3;190.9
2;200;1585612800;2;462.51
0;100;1642118400;2;670.21
1;300;1640390400;2;109.88
5;300;1588896000;2;757.89
4;100;1626912000;0;298.35
0;200;1624492800;1;12.01
3;100;1656115200;2;990.03
2;300;1660262400;2;376.99
4;300;1624838400;3;617.03
7;100;1640995200;2;76.9
3;200;1642982400;1;776.81
9;300;1608508800;2;305.57
1;300;1651449600;1;897.17
7;100;1638835200;1;589.31
1;200;1649203200;1;583.14
10;200;1633046400;0;735.05
5;300;1604016000;3;740.26
0;300;1580428800;1;83.84
1;300;1660003200;3;729.15
6;200;1614211200;1;934.97
3;300;1626048000;2;246.34
1;200;1579910400;0;794.8
9;200;1648944000;2;295.66
8;200;1596844800;1;438.34
6;100;1597190400;2;525.06
8;300;1614729600;0;136.47
4;300;1613692800;1;191.6
3;200;1592092800;3;998.98
6;300;1632096000;1;867.58
6;200;1645488000;3;210.28
8;300;1650153600;3;71.28
6;300;1602547200;1;449.86
5;200;1589241600;0;473.39
10;200;1592611200;0;948.37
4;300;1607558400;0;952.33
1;300;1644192000;3;315.82
8;100;1607558400;0;204.91
10;300;1592438400;2;331.23
5;100;1615248000;2;804.54
1;100;1596412800;0;705.35
5;100;1640044800;3;991.41
1;200;1648944000;2;568.69
8;300;1611187200;3;187.68
8;100;1635552000;1;685.57
3;100;1607385600;3;749.36
10;200;1599782400;0;580.34
2;200;1642464000;0;529.65
6;300;1606867200;2;478.22
9;300;1636502400;1;516.63
2;100;1604793600;3;884.16
3;100;1596153600;3;268.02
6;200;1660867200;3;951.16
5;200;1627603200;0;967.7
1;200;1662422400;1;775.08
9;200;1585440000;1;815.71
10;300;1633651200;0;441.27
8;100;1653523200;3;527.09
3;100;1657756800;1;875.09
1;300;1626912000;0;493.75
9;200;1642377600;0;249.22
1;300;1616630400;0;267.55
0;200;1616025600;3;372.95
6;100;1630713600;2;144.55
3;100;1613606400;3;594.72
1;300;1602115200;2;923.11
1;300;1651795200;1;267.14
6;100;1583971200;1;168.52
9;300;1663113600;3;742.43
10;100;1655251200;2;872.88
6;100;1596844800;1;413.28
5;100;1629417600;0;125.57
10;300;1663804800;2;783.03
8;100;1614902400;2;606.13
2;200;1593561600;1;379.98
10;300;1614470400;0;193.08
3;200;1584403200;2;937.14
10;300;1607040000;2;356.59
3;200;1654300800;0;546.43
5;200;1580860800;0;721.78
10;100;1614556800;0;35.31
6;200;1595980800;0;802.18
4;300;1592438400;0;650.93
0;100;1619827200;0;16.22
1;100;1639094400;2;945.52
9;100;1613779200;3;335.1
9;100;1644796800;3;630.86
0;300;1589155200;3;468.51
8;200;1580515200;3;801.67
3;300;1632960000;1;393.23
8;300;1641168000;1;414.03
5;300;1612051200;3;211.0
7;100;1604534400;0;65.08
1;200;1658620800;0;281.99
2;300;1627516800;2;632.92
1;200;1643414400;3;64.42
7;200;1653523200;1;754.73
10;300;1625097600;2;973.3
9;300;1612310400;1;414.89
0;300;1632787200;0;990.2
7;200;1610668800;3;458.54
9;200;1578700800;0;226.8
5;200;1659484800;3;447.38
3;100;1605916800;2;983.65
6;300;1640649600;3;4.54
4;100;1610841600;2;270.85
10;300;1592006400;1;823.61
5;100;1636934400;2;484.34
7;100;1596412800;1;257.82
2;300;1645401600;0;329.85
10;200;1578009600;3;757.41
5;200;1621382400;2;246.05
10;200;1598572800;1;233.35
9;100;1581724800;1;719.14
7;100;1591833600;0;79.2
10;300;1601942400;0;639.54
4;100;1600473600;3;724.46
8;300;1602288000;2;303.93
8;300;1655337600;0;466.89
10;200;1613347200;0;202.03
2;300;1620172800;2;7.28
2;200;1634774400;1;661.02
7;200;1601510400;0;741.31
6;200;1592352000;0;975.16
10;100;1605484800;0;804.78
0;200;1590796800;1;530.89
9;200;1605225600;0;854.64
3;300;1662681600;2;445.63
0;200;1626912000;1;771.37
8;200;1627862400;1;887.75
3;100;1651363200;0;450.46
6;100;1612742400;0;984.14
1;200;1652745600;3;704.75
5;200;1579046400;0;711.02
0;200;1595808000;3;815.9
3;100;1600819200;1;276.62
1;300;1651017600;3;821.18
10;100;1611792000;2;740.49
1;300;1643587200;3;629.99
9;300;1612224000;2;951.16
3;300;1587945600;3;385.88
3;200;1615593600;3;999.1
3;300;1634688000;1;433.22
9;100;1612051200;2;612.84
0;200;1622764800;2;488.44
2;200;1624320000;3;951.58
9;100;1596844800;3;304.63
5;300;1651363200;0;771.09
6;200;1631836800;2;458.73
5;300;1614470400;1;477.24
3;300;1642204800;1;659.4
2;300;1611014400;2;967.37
4;300;1663113600;1;178.47
7;200;1633046400;2;346.55
1;200;1660608000;1;845.26
2;300;1623801600;1;291.7
10;300;1636761600;2;432.01
5;200;1638230400;0;84.7
9;200;1643587200;0;937.26
6;200;1648252800;1;126.93
3;200;1598227200;3;846.39
5;100;1659312000;3;858.65
2;200;1663113600;2;937.84
2;300;1623024000;0;577.87
10;200;1586217600;0;513.14
7;100;1595980800;3;434.48
5;300;1603238400;2;984.91
3;200;1645660800;2;287.55
1;300;1658793600;0;90.65
10;200;1623024000;2;715.77
3;100;1606608000;2;933.21
3;300;1592006400;0;823.62
5;100;1655424000;1;758.91
1;200;1634947200;2;518.66
8;300;1614297600;0;243.22
2;100;1637280000;3;314.46
0;300;1608163200;0;21.28
1;300;1633478400;0;487.62
9;200;1621987200;2;885.58
8;100;1639612800;0;899.4
6;100;1620345600;1;40.88
2;100;1614211200;0;160.43
4;200;1617062400;2;637.22
6;300;1610323200;0;826.93
1;300;1605744000;2;972.16
9;200;1660003200;1;328.21
9;300;1599955200;3;549.88
7;100;1600819200;0;632.85
3;200;1623456000;1;207.22
9;100;1588204800;0;694.85
10;200;1615248000;0;470.0
8;200;1593388800;3;113.99
7;200;1660608000;1;754.0
1;100;1629331200;3;819.16
2;100;1637107200;3;371.34
2;300;1599609600;1;509.03
2;300;1662336000;0;867.13
3;300;1639872000;3;189.66
9;300;1590192000;3;958.88
3;300;1609113600;2;53.25
9;300;1633046400;1;748.05
0;200;1619136000;0;824.26
4;300;1610928000;2;614.73
6;100;1590969600;3;548.42
5;300;1625788800;0;693.43
0;200;1651190400;1;257.14
4;300;1585094400;2;204.32
6;100;1636329600;3;365.88
0;300;1637020800;2;638.07
7;300;1609977600;2;851.44
3;100;1654128000;1;843.54
2;100;1627689600;1;736.48
3;100;1626393600;0;64.49
1;200;1596499200;1;440.23
1;300;1603411200;0;915.6
3;300;1631491200;1;858.51
1;300;1597881600;2;6.91
3;100;1619395200;2;731.81
3;200;1646352000;1;113.3
4;200;1661817600;0;140.61
7;100;1614384000;3;225.29
3;200;1660089600;2;682.28
5;100;1621814400;0;577.82
10;200;1591833600;3;255.53
8;200;1590364800;3;97.35
0;100;1621641600;1;689.26
10;200;1587772800;1;649.24
2;300;1594252800;2;723.96
6;300;1609113600;2;458.19
9;300;1584230400;2;171.44
5;300;1644969600;0;609.19
1;200;1611187200;2;289.52
9;100;1639180800;3;719.13
6;300;1625702400;0;437.44
6;100;1658966400;2;120.31
8;300;1644883200;3;570.51
9;100;1590364800;3;816.47
3;300;1648252800;2;664.48
4;200;1663113600;1;180.27
8;200;1620000000;0;76.29
4;100;1592956800;2;49.06
4;300;1625011200;2;910.36
5;300;1630972800;0;543.93
7;200;1637452800;3;417.45
3;300;1636848000;2;931.46
10;200;1615075200;3;568.58
1;200;1630195200;0;896.65
10;300;1620518400;1;209.74
1;300;1663459200;2;392.35
8;300;1610064000;1;207.56
1;100;1610150400;1;666.94
7;100;1592956800;2;179.31
1;100;1635033600;0;424.63
4;300;1579392000;0;377.67
4;100;1600300800;1;123.5
6;100;1638748800;2;45.36
2;200;1632268800;3;52.35
3;100;1659398400;2;34.68
1;100;1582329600;2;184.68
2;300;1595808000;1;322.39
7;200;1652313600;2;718.19
9;300;1629504000;3;560.35
0;100;1620000000;3;403.23
4;200;1617840000;2;540.93
2;200;1589068800;1;990.13
8;300;1661731200;2;369.76
0;100;1621123200;2;543.81
10;100;1643068800;2;659.87
0;300;1620259200;3;774.62
4;300;1594771200;3;182.04
9;100;1614556800;2;952.41
0;200;1638748800;1;998.14
0;300;1647216000;1;965.07
7;300;1609804800;2;32.16
5;100;1611705600;0;727.02
2;200;1632787200;0;14.96
7;100;1624579200;0;581.05
3;300;1586390400;2;362.81
0;100;1617408000;0;887.15
2;200;1584576000;0;67.08
6;100;1640908800;1;858.91
7;200;1582243200;3;899.55
7;100;1582588800;1;871.98
1;100;1607040000;0;827.74
8;300;1581897600;3;96.32
5;200;1661990400;2;894.87
9;300;1618790400;3;928.55
0;200;1648252800;0;125.48
8;300;1606608000;0;476.69
5;200;1630972800;1;129.05
5;300;1654732800;0;628.52
1;200;1656288000;1;640.05
1;300;1661299200;0;768.59
2;200;1620864000;1;229.23
0;200;1649721600;2;24.89
7;100;1594944000;1;357.58
9;200;1612137600;0;291.92
8;200;1639008000;2;191.05
2;200;1592611200;1;529.39
10;100;1597795200;3;782.31
3;200;1645401600;2;101.61
2;300;1623024000;1;484.51
0;200;1597449600;2;661.6
7;100;1609977600;3;900.71
0;200;1644710400;0;978.99
5;100;1615248000;2;993.4
8;100;1589414400;2;899.41
3;300;1620604800;3;885.57
8;100;1654128000;0;198.04
8;200;1661299200;0;915.35
9;300;1582156800;0;411.71
8;100;1608768000;1;732.68
9;300;1634083200;2;550.17
9;100;1606003200;1;819.81
6;300;1599436800;3;891.06
0;100;1640044800;0;227.31
1;200;1632009600;3;597.74
2;200;1654732800;1;515.19
6;100;1647820800;2;820.91
9;100;1643414400;2;942.32
1;300;1590364800;0;908.96
7;200;1599091200;1;264.63
2;100;1653177600;2;283.23
4;100;1638921600;2;248.96
2;300;1625961600;0;478.3
9;300;1657497600;2;95.22
9;100;1616803200;3;681.09
9;300;1605916800;3;529.52
10;300;1610841600;1;818.82
8;100;1590537600;3;372.62
5;300;1580601600;2;265.16
5;100;1653004800;3;689.98
6;200;1651104000;0;263.75
7;100;1599523200;1;428.86
10;100;1578009600;0;436.13
1;200;1652659200;1;77.28
3;200;1635811200;1;108.39
2;100;1593648000;0;151.5
3;200;1625011200;0;667.29
0;100;1645056000;2;562.03
10;100;1626566400;1;13.2
3;200;1647734400;0;913.93
5;100;1612656000;3;85.02
5;200;1618358400;2;133.64
1;300;1586476800;3;17.85
7;200;1600473600;0;176.01
7;300;1651708800;1;897.15
9;100;1649980800;0;890.97
6;300;1595721600;1;769.71
9;100;1636848000;0;723.46
8;300;1585008000;3;657.16
4;300;1619136000;2;43.66
0;100;1610496000;3;756.68
8;200;1663545600;3;287.72
10;200;1622505600;0;761.08
4;300;1640995200;1;254.98
10;300;1586304000;2;713.91
7;200;1600560000;0;644.07
1;200;1651536000;0;252.68
8;100;1658188800;3;539.7
7;100;1660003200;0;743.88
0;300;1637798400;2;126.19
5;300;1644451200;3;435.72
2;200;1585785600;1;374.21
1;100;1584057600;0;579.27
0;100;1647129600;1;995.88
4;300;1657670400;1;534.83
5;200;1647302400;0;370.06
8;300;1631664000;1;159.56
4;100;1615507200;0;81.76
6;200;1585180800;0;784.61
9;100;1625616000;2;19.53
1;200;1661299200;3;380.36
4;200;1658102400;0;569.52
4;200;1631059200;1;586.75
3;300;1650067200;2;444.8
0;100;1655769600;2;359.33
1;100;1659657600;3;796.21
5;100;1647907200;1;978.69
0;100;1658793600;1;252.01
7;200;1593648000;1;751.98
2;300;1633824000;3;238.06
1;300;1599609600;1;626.79
1;300;1648771200;1;457.87
9;200;1628035200;2;164.52
3;100;1615420800;3;101.86
2;300;1629763200;1;939.96
6;100;1603584000;2;558.87
10;300;1662854400;0;191.04
10;100;1608163200;2;75.55
2;300;1600473600;3;175.74
0;200;1591660800;0;193.88
4;200;1588550400;0;880.87
5;300;1622678400;0;689.41
1;200;1612656000;2;157.13
7;100;1647216000;2;40.44
2;200;1625356800;2;709.02
4;300;1618790400;3;688.27
9;200;1626566400;3;185.65
6;100;1650326400;3;788.93
4;100;1597276800;1;754.71
7;200;1628035200;3;90.25
2;200;1652572800;0;269.18
3;200;1627430400;3;416.31
10;200;1613433600;3;456.06
9;200;1622505600;1;415.99
0;300;1626220800;2;116.51
3;200;1635120000;1;720.12
9;100;1581206400;0;935.01
8;200;1650412800;2;605.17
8;300;1613606400;1;994.66
8;300;1615939200;1;400.95
4;200;1591488000;3;824.29
0;100;1642291200;3;607.11
0;200;1586736000;0;364.96
3;300;1647734400;3;870.75
1;100;1644624000;2;622.43
4;100;1586131200;3;450.55
0;200;1658361600;3;849.93
5;100;1578009600;0;104.15
0;200;1579910400;0;906.87
4;100;1601424000;0;336.9
10;200;1627344000;1;308.83
0;100;1646697600;0;367.24
6;100;1638403200;0;700.86
0;200;1614124800;2;536.71
5;300;1614124800;3;102.57
1;300;1579392000;1;461.88
4;100;1617926400;2;683.19
0;300;1610323200;3;609.17
8;200;1635292800;1;446.67
3;100;1644796800;2;691.81
3;200;1624492800;1;760.23
9;300;1662768000;2;289.56
3;100;1606780800;1;898.26
9;200;1658707200;0;920.44
0;100;1651190400;3;506.49
0;300;1659916800;3;718.7
7;100;1628208000;1;214.46
6;200;1645228800;1;596.8
2;200;1616371200;2;531.72
2;200;1622851200;2;502.41
4;300;1622764800;3;255.52
8;300;1633824000;0;992.85
0;200;1612483200;2;583.67
10;200;1601510400;1;234.67
8;200;1630454400;0;659.2
9;300;1645056000;2;17.89
7;300;1646006400;2;422.79
5;300;1609632000;0;802.87
8;200;1637020800;2;735.65
9;300;1594684800;2;683.57
9;100;1652486400;1;226.28
10;200;1648425600;2;866.94
0;300;1642550400;1;722.9
2;300;1659657600;3;594.28
10;200;1584662400;2;278.14
3;300;1612656000;3;527.33
3;200;1639094400;2;792.09
4;200;1644796800;3;895.53
5;300;1604966400;2;907.23
7;100;1648252800;2;58.16
7;300;1660348800;3;896.91
10;100;1602979200;2;449.33
2;100;1605830400;3;787.61
7;100;1633219200;3;720.63
9;300;1657324800;0;228.14
7;300;1656979200;3;490.04
4;100;1585526400;0;240.15
1;200;1584835200;2;6.89
4;100;1658880000;1;719.49
0;200;1602892800;2;595.6
9;200;1626825600;2;236.81
6;200;1659657600;0;331.45
8;100;1591833600;0;952.07
2;100;1624579200;0;394.39
1;200;1636329600;3;506.02
0;100;1587859200;3;251.28
2;300;1586217600;3;505.51
1;100;1636848000;1;144.34
10;200;1640649600;2;23.09
8;100;1587945600;2;902.35
8;100;1599436800;1;649.09
8;100;1630454400;2;616.73
1;200;1659830400;1;276.7
10;300;1605657600;0;353.11
3;300;1653868800;0;79.1
1;300;1609372800;2;796.4
10;100;1578009600;0;714.54
10;200;1633737600;3;695.62
8;200;1597104000;1;234.7
8;300;1655769600;2;562.85
6;100;1588032000;2;994.53
2;100;1600905600;1;237.04
6;300;1585094400;1;423.08
1;200;1623024000;2;177.32
3;100;1646697600;0;428.05
7;200;1584057600;1;509.13
7;200;1596844800;2;786.75
8;200;1589760000;2;835.12
2;200;1578009600;2;781.25
8;100;1626912000;2;462.53
8;300;1653696000;1;636.91
1;300;1624406400;1;217.26
5;100;1614384000;0;29.05
6;200;1606089600;1;149.55
4;200;1643846400;3;866.04
4;200;1639008000;2;807.35
10;200;1646006400;0;244.18
3;100;1591056000;0;845.25
7;300;1584576000;3;140.4
1;100;1622937600;1;738.48
6;300;1636502400;2;965.74
4;100;1662163200;1;351.51
0;200;1629676800;0;20.54
7;200;1596585600;0;123.28
4;100;1625184000;1;531.15
5;200;1602892800;3;386.75
5;300;1614902400;3;22.47
3;100;1649548800;2;186.22
7;100;1605052800;0;966.69
0;200;1655078400;0;576.49
5;300;1622592000;2;137.64
3;100;1598832000;3;375.68
8;200;1607472000;3;629.83
8;100;1659052800;0;137.07
7;100;1654300800;3;63.49
5;100;1663286400;1;239.47
2;300;1610928000;1;941.07
7;200;1584662400;2;629.91
10;300;1642636800;1;956.04
0;200;1585526400;0;876.19
5;200;1628467200;0;489.76
7;300;1617667200;1;790.03
9;200;1585353600;1;120.3
6;100;1583712000;1;270.44
3;300;1613347200;1;203.56
4;100;1596758400;3;42.02
2;300;1655942400;2;888.72
4;200;1634601600;2;342.8
7;100;1641513600;1;263.21
0;300;1616544000;2;530.17
9;100;1658707200;3;109.62
5;100;1644710400;2;842.57
0;100;1613692800;3;298.45
9;100;1635379200;0;6.45
6;300;1595894400;1;935.67
3;100;1617235200;2;700.41
9;100;1604361600;3;823.42
0;200;1650240000;0;890.1
3;300;1623715200;0;383.87
9;300;1586822400;0;665.63
7;300;1631232000;1;767.27
8;300;1625788800;1;759.33
3;300;1628380800;2;262.54
0;200;1621209600;2;762.98
5;100;1600300800;0;393.53
7;300;1597536000;1;973.51
9;200;1662768000;3;77.8
1;300;1628812800;3;143.58
5;200;1631664000;1;953.43
8;100;1594339200;2;888.21
0;200;1635292800;1;544.59
3;300;1645228800;0;682.88
4;100;1598659200;2;103.57
0;300;1610841600;0;999.53
4;300;1650758400;2;444.48
9;200;1624665600;0;83.62
5;200;1624060800;3;203.53
6;200;1595894400;3;563.28
10;300;1656633600;2;299.53
10;200;1637798400;1;350.56
0;200;1659916800;1;860.64
9;100;1589846400;1;612.67
8;200;1616025600;3;290.09
3;100;1600041600;1;879.25
4;300;1644364800;2;219.57
1;300;1620777600;3;648.66
4;300;1601424000;2;304.76
3;300;1604707200;2;703.24
9;100;1581033600;0;872.87
4;100;1586995200;1;808.5
9;300;1608163200;1;510.37
4;100;1663977600;0;408.76
4;200;1592611200;1;61.11
2;100;1638403200;3;326.27
7;200;1660262400;0;479.35
8;300;1657929600;2;796.23
1;200;1606694400;0;197.09
4;100;1643932800;3;213.49
5;300;1606953600;1;171.34
7;300;1625097600;3;206.73
1;300;1615593600;0;663.9
6;200;1590192000;1;988.89
2;300;1638230400;2;108.59
3;200;1601683200;3;243.32
3;300;1654819200;2;260.79
9;300;1641513600;1;918.97
3;100;1654560000;3;329.68
6;300;1652745600;3;479.1
4;100;1589500800;3;777.5
4;200;1637539200;3;250.5
5;100;1605571200;3;119.21
8;300;1644364800;3;888.76
5;300;1633046400;1;848.31
8;300;1604707200;3;517.15
6;100;1650758400;3;395.81
3;200;1626307200;2;766.08
7;100;1641859200;2;126.84
10;200;1632614400;0;763.86
4;300;1586044800;1;219.52
6;300;1640822400;1;371.01
5;100;1583539200;2;847.26
6;200;1657497600;1;475.28
3;200;1631491200;0;89.22
10;100;1613779200;2;831.2
2;200;1629331200;2;717.19
0;100;1608249600;2;343.48
3;100;1635292800;3;541.6
3;200;1625875200;1;968.59
8;300;1646784000;2;299.76
7;100;1579824000;2;853.87
2;300;1646870400;3;339.37
7;100;1595635200;3;130.73
7;200;1630281600;1;282.61
1;200;1660262400;1;856.81
10;300;1661385600;3;491.56
7;100;1641340800;1;202.58
5;300;1604275200;3;302.28
0;300;1606521600;3;105.46
2;300;1588809600;2;571.2
10;100;1649980800;1;513.0
2;100;1618099200;3;760.33
3;200;1607990400;2;295.31
3;100;1628899200;2;258.0
10;100;1646784000;0;58.54
8;100;1640044800;0;870.88
2;100;1647388800;1;602.7
8;100;1656979200;2;888.29
10;200;1623024000;1;556.85
7;300;1582588800;0;320.5
4;300;1589587200;1;565.86
2;100;1588982400;2;476.35
3;300;1591747200;3;538.17
4;200;1604188800;2;812.74
7;100;1581638400;1;629.1
1;300;1603584000;3;806.39
9;100;1611446400;3;368.01
1;300;1663632000;0;685.79
8;300;1601942400;2;659.65
2;100;1605398400;3;527.91
6;200;1648252800;1;101.09
10;100;1585699200;3;979.57
8;200;1628121600;2;990.02
7;200;1639180800;1;224.16
6;100;1613520000;1;87.02
4;100;1592438400;0;833.49
0;200;1608336000;1;272.48
1;200;1633305600;2;90.9
7;300;1660176000;2;505.29
3;300;1653264000;2;720.11
10;100;1626998400;3;58.16
2;200;1632960000;0;131.59
9;100;1582243200;3;630.81
3;200;1610928000;2;750.11
3;200;1627257600;2;539.95
0;100;1617408000;2;851.01
0;300;1618617600;0;51.81
10;200;1664150400;3;877.57
0;100;1609632000;1;291.83
2;300;1658966400;1;835.37
8;100;1641254400;3;200.96
10;100;1627430400;3;850.92
8;100;1586476800;3;950.41
0;100;1645056000;3;318.32
4;100;1607472000;1;518.9
3;200;1597968000;2;128.01
10;300;1582934400;2;694.97
1;200;1636502400;0;288.93
4;300;1617667200;1;127.5
6;100;1646006400;3;433.31
0;200;1607299200;2;410.51
0;200;1628467200;3;380.4
0;300;1616112000;3;605.25
9;100;1623024000;0;724.19
7;200;1601164800;1;91.24
3;100;1653350400;3;294.45
3;100;1655164800;1;550.1
0;300;1613088000;2;568.86
8;300;1617926400;1;333.41
9;300;1644796800;1;26.83
0;100;1621728000;2;377.19
10;100;1605225600;2;919.36
0;200;1654387200;2;150.59
2;300;1644105600;1;524.84
9;300;1656892800;2;387.81
7;100;1578096000;3;793.23
3;200;1639699200;1;536.7
0;300;1645142400;0;847.24
9;100;1596672000;3;144.03
2;200;1609027200;3;761.06
6;100;1623974400;1;169.0
5;200;1625443200;2;841.93
8;300;1632009600;0;748.39
4;300;1588636800;0;645.79
5;200;1637539200;0;190.69
4;100;1580601600;3;935.6
3;200;1614556800;3;696.25
3;200;1640131200;0;978.91
9;200;1654732800;1;393.98
10;200;1652400000;2;808.49
8;200;1659139200;1;548.38
5;300;1620432000;3;74.44
6;100;1614384000;2;559.7
0;300;1596240000;0;760.43
4;300;1596585600;0;617.09
3;200;1591833600;2;644.8
5;100;1579305600;3;635.74
1;200;1640563200;3;615.83
7;100;1650758400;3;270.16
6;300;1632873600;2;226.04
5;100;1636416000;0;479.89
1;300;1629244800;1;949.38
4;100;1591574400;1;268.4
3;100;1660176000;3;865.13
7;100;1654128000;0;9.5
7;100;1633046400;1;377.87
8;200;1646438400;3;820.16
8;200;1581984000;3;273.01
3;300;1599523200;0;278.0
3;100;1610064000;1;369.48
8;100;1593820800;2;614.91
3;100;1642636800;1;113.69
5;100;1581379200;3;474.12
9;200;1599004800;3;397.54
10;100;1606694400;2;401.42
6;100;1615075200;1;410.64
6;300;1638835200;3;83.49
2;300;1593820800;2;30.82
9;300;1647734400;1;211.43
9;300;1644105600;3;35.64
0;200;1578614400;0;842.09
1;300;1607212800;0;143.28
7;100;1597449600;1;767.91
7;200;1628640000;3;565.92
6;200;1583366400;3;645.84
1;300;1614297600;2;891.77
5;300;1624233600;0;450.53
9;300;1649462400;1;139.49
1;200;1617235200;1;58.66
3;100;1615334400;1;282.46
9;200;1611014400;1;582.33
8;100;1607385600;0;570.44
1;200;1584576000;1;834.29
5;300;1658534400;1;614.04
1;200;1582243200;2;921.12
3;200;1639180800;1;459.84
8;100;1609632000;1;944.72
4;100;1580342400;1;260.91
3;300;1647129600;0;397.45
6;200;1652832000;1;410.78
9;200;1603411200;3;976.88
0;300;1642032000;2;297.67
8;200;1627171200;0;225.89
7;100;1663632000;2;363.72
9;300;1610582400;1;163.7
2;300;1579737600;0;91.49
5;200;1577836800;2;256.21
3;100;1618617600;3;800.62
9;300;1591228800;3;421.01
4;200;1608681600;1;850.33
2;100;1607990400;3;38.54
5;200;1639180800;1;677.43
5;200;1617321600;1;149.99
9;100;1657843200;2;871.79
3;100;1615507200;0;204.35
3;300;1628294400;0;935.13
0;200;1607126400;3;614.16
2;200;1632441600;1;744.86
7;300;1629504000;0;848.19
5;300;1663372800;2;638.34
5;300;1663804800;0;915.46
10;100;1579564800;3;235.25
9;100;1635984000;2;467.14
6;100;1646265600;3;373.98
3;300;1631491200;3;919.61
0;200;1661558400;1;287.88
4;200;1604102400;1;146.92
7;300;1598054400;0;166.52
7;300;1661817600;0;731.32
2;200;1618531200;0;255.87
2;300;1657152000;3;529.68
5;200;1609372800;2;6.38
10;300;1581465600;1;335.87
1;100;1640995200;0;805.09
2;200;1582848000;1;727.76
2;200;1578182400;0;383.08
2;200;1588032000;1;86.52
5;100;1621382400;1;430.0
8;200;1649894400;2;822.4
2;100;1589760000;1;902.23
7;200;1619308800;0;859.69
9;300;1600646400;2;11.74
9;200;1630022400;3;519.68
10;300;1588291200;3;30.73
8;200;1626393600;3;564.19
10;300;1582934400;0;703.28
8;300;1641600000;0;635.1
9;100;1627257600;2;648.1
3;300;1632009600;3;473.98
2;300;1605052800;3;225.47
3;100;1618358400;0;71.41
1;100;1584576000;1;750.42
7;300;1612483200;2;457.95
9;300;1642636800;0;612.15
5;100;1622592000;0;506.34
2;100;1596672000;3;789.41
9;200;1642896000;1;603.29
5;200;1633824000;3;655.86
10;100;1619222400;3;6.0
3;100;1658620800;2;690.92
10;200;1587600000;1;30.86
5;300;1633996800;1;652.17
9;300;1627862400;0;508.17
2;300;1587600000;2;157.92
5;300;1597708800;2;597.51
4;200;1614124800;2;808.24
3;200;1605484800;1;751.25
3;200;1648598400;2;714.09
6;300;1638057600;2;384.35
2;300;1645228800;1;92.91
3;100;1662940800;0;671.25
10;100;1651449600;1;233.21
9;100;1585785600;0;293.59
4;200;1594080000;2;313.01
3;200;1652486400;0;83.91
0;200;1582329600;0;158.88
4;200;1642204800;3;5.35
5;300;1619049600;0;25.53
2;300;1584057600;0;738.43
1;200;1620432000;0;316.07
2;200;1650326400;2;727.24
5;100;1634083200;0;673.06
3;300;1655164800;0;111.2
3;100;1587600000;0;874.17
0;100;1592265600;0;845.41
9;300;1593388800;1;943.66
4;200;1660694400;3;120.37
8;300;1627862400;1;997.7
1;100;1654560000;3;668.54
6;300;1599091200;1;618.52
9;300;1604275200;0;532.91
0;200;1661126400;1;392.01
7;100;1602720000;3;254.03
7;200;1590969600;0;294.45
5;300;1608249600;0;3.16
1;300;1594771200;0;262.64
5;300;1651881600;2;695.58
1;200;1630886400;0;96.27
6;200;1623110400;3;732.34
6;200;1622678400;1;516.09
0;300;1598659200;2;743.31
3;100;1620259200;1;981.24
3;300;1630972800;2;325.35
0;200;1634256000;3;485.22
5;300;1634601600;3;793.45
5;300;1645401600;0;161.56
3;100;1589846400;1;446.67
3;300;1641945600;3;274.31
5;200;1659139200;2;841.14
5;300;1653350400;0;975.94
9;100;1616112000;0;326.51
6;200;1663459200;2;567.66
1;200;1639526400;2;183.09
6;200;1652572800;3;208.75
8;100;1641686400;2;654.81
9;100;1626652800;0;269.82
0;300;1644105600;1;60.41
8;200;1659139200;1;193.34
2;200;1624838400;2;409.68
1;200;1657324800;1;688.64
5;100;1630713600;3;939.51
0;200;1635033600;2;105.33
10;300;1597363200;2;200.37
2;100;1612742400;3;442.1
6;200;1647820800;1;102.7
5;200;1628294400;3;710.79
6;200;1603929600;0;18.39
7;300;1658793600;1;917.68
2;100;1584230400;1;805.86
5;200;1663891200;3;839.52
8;100;1613865600;2;809.56
1;300;1628899200;1;92.69
1;200;1661299200;2;296.88
10;300;1595203200;3;606.27
7;300;1585612800;1;6.26
2;200;1646352000;2;9.03
4;300;1660435200;3;89.56
3;200;1649289600;0;888.57
2;100;1630540800;1;264.86
1;100;1607040000;3;953.76
5;300;1584576000;1;654.89
3;100;1643846400;1;275.25
2;200;1658880000;0;542.79
7;300;1630627200;0;665.12
3;300;1628640000;3;911.94
6;100;1585094400;3;902.88
7;100;1599523200;2;397.44
6;100;1645574400;3;391.99
7;100;1658880000;1;922.59
8;300;1658102400;2;710.76
8;200;1595289600;1;582.11
3;300;1631664000;1;822.82
9;200;1621555200;1;615.21
0;200;1628553600;3;168.02
3;300;1606003200;2;922.25
3;100;1650758400;1;482.23
9;300;1650931200;0;132.69
0;200;1620345600;1;971.64
6;300;1645747200;3;955.61
8;200;1615248000;1;327.15
0;100;1616716800;3;278.13
6;300;1591142400;3;709.07
2;200;1633046400;3;453.23
9;100;1662940800;2;96.5
9;100;1633737600;3;477.43
10;100;1651708800;3;168.74
8;300;1599523200;0;277.57
0;300;1641513600;2;172.24
6;200;1655683200;2;983.94
7;200;1634601600;2;428.91
2;300;1662422400;2;700.39
0;300;1599350400;2;312.56
10;100;1647820800;3;932.88
2;100;1648512000;2;487.13
9;200;1600732800;3;59.99
9;200;1597449600;2;772.3
0;100;1650931200;0;72.15
5;200;1581120000;3;899.05
3;100;1659484800;2;484.32
0;300;1624406400;0;243.89
2;100;1597104000;2;622.92
3;100;1655856000;2;896.45
6;100;1662681600;0;413.51
3;300;1654905600;3;758.29
3;300;1627344000;1;614.78
1;300;1622764800;0;810.24
4;200;1661731200;3;548.45
6;100;1656374400;3;48.79
7;100;1586304000;3;884.07
4;200;1624147200;2;327.57
0;100;1637366400;0;456.23
0;300;1651017600;0;37.42
10;300;1596499200;0;391.57
1;200;1606953600;0;972.15
8;100;1610064000;2;794.28
9;200;1587427200;2;818.32
5;100;1652140800;2;214.82
5;200;1605657600;1;597.87
2;200;1592438400;1;403.32
1;200;1581379200;3;477.56
10;300;1662768000;3;269.97
5;200;1586217600;0;538.47
10;200;1640908800;3;232.8
4;200;1649030400;0;961.05
10;300;1607126400;0;752.04
9;200;1592438400;2;455.86
1;200;1593388800;1;93.33
4;300;1583366400;0;487.2
8;300;1580688000;2;373.69
7;300;1652313600;2;808.56
1;200;1602115200;0;2.35
0;300;1659571200;1;221.57
5;100;1592092800;0;899.85
5;100;1629504000;1;971.79
4;100;1649808000;3;967.08
7;300;1650153600;3;829.45
4;100;1613606400;1;148.86
5;200;1582934400;2;953.96
6;200;1647216000;0;938.73
4;100;1589673600;2;663.97
10;100;1659225600;0;507.86
10;300;1618617600;2;416.55
10;200;1635552000;3;120.99
7;200;1585526400;2;740.05
10;100;1604966400;2;97.31
3;300;1620086400;3;280.73
3;100;1664064000;2;395.76
1;200;1647648000;2;676.43
0;200;1660953600;3;246.84
2;200;1630713600;0;570.96
0;200;1586563200;2;454.09
1;300;1579564800;0;751.41
8;300;1651968000;3;343.34
6;100;1610755200;2;27.14
6;100;1650067200;3;127.74
1;200;1636416000;1;686.55
7;100;1645488000;0;986.57
9;200;1585180800;0;265.06
0;100;1631318400;0;537.69
2;300;1583280000;1;804.17
7;100;1634515200;2;277.02
0;100;1619654400;2;312.07
10;100;1613692800;0;777.11
7;200;1618704000;3;99.29
4;100;1647820800;3;651.9
2;200;1643155200;1;968.43
8;200;1653004800;2;102.15
2;100;1642118400;2;94.02
0;200;1586131200;2;736.06
0;100;1617580800;0;82.46
10;100;1661644800;2;781.2
4;100;1660348800;0;130.81
0;100;1645315200;2;252.91
3;100;1626825600;2;932.53
0;200;1660089600;0;291.77
5;300;1598918400;2;691.84
4;200;1652486400;2;161.85
3;300;1639872000;1;426.46
9;100;1587427200;0;775.25
0;300;1601251200;0;804.13
8;100;1616716800;3;336.35
10;200;1656028800;3;894.86
6;200;1652400000;0;495.17
7;200;1631491200;0;580.72
0;100;1599868800;1;578.25
0;200;1638057600;0;260.63
4;200;1649635200;0;695.53
3;200;1585958400;2;153.67
4;200;1592006400;2;473.98
3;200;1646697600;3;132.09
10;300;1615593600;2;853.02
4;200;1641600000;1;188.71
6;100;1582934400;0;582.96
4;200;1633824000;1;66.45
9;200;1619308800;1;648.53
7;300;1613433600;3;34.52
5;100;1615334400;1;166.4
10;200;1604016000;2;426.68
2;300;1612483200;0;830.32
10;200;1655856000;2;451.7
10;300;1639440000;0;94.21
6;100;1631750400;0;244.17
6;100;1608854400;3;70.21
6;100;1585008000;2;802.03
4;300;1624060800;1;546.15
7;100;1650585600;0;153.33
9;200;1604880000;2;249.21
6;100;1618099200;1;519.72
3;200;1637366400;1;764.95
5;200;1635984000;0;60.01
1;300;1664150400;1;883.35
5;100;1590192000;3;260.81
9;200;1610323200;3;774.15
4;300;1613779200;3;288.43
0;300;1626480000;2;602.9
4;300;1593734400;3;127.63
0;200;1613606400;2;930.21
6;300;1662768000;2;681.4
5;100;1580169600;3;639.22
10;300;1621900800;1;469.22
3;300;1613779200;1;523.82
10;300;1635897600;1;163.16
9;300;1592870400;1;506.76
0;200;1624406400;3;341.07
7;100;1623196800;0;564.95
5;200;1604188800;3;527.94
9;200;1585440000;1;351.05
4;300;1604534400;0;496.06
10;300;1651190400;0;896.59
8;200;1621036800;2;973.06
2;300;1632787200;3;206.06
8;100;1588809600;3;219.75
4;300;1662768000;0;197.0
7;100;1615420800;3;322.08
7;100;1599091200;2;138.41
3;300;1625788800;1;369.68
6;100;1655856000;2;830.56
0;300;1583280000;2;429.22
0;200;1658361600;0;398.8
1;200;1607299200;1;960.96
1;100;1594080000;1;931.31
5;200;1607558400;2;185.65
9;300;1625011200;0;234.67
7;100;1654128000;2;378.41
7;300;1653004800;1;550.74
8;300;1589932800;2;686.18
5;100;1639094400;0;395.48
5;300;1608163200;0;466.46
4;200;1590883200;1;844.37
10;300;1651622400;1;145.99
1;100;1621987200;2;971.24
0;100;1602547200;1;662.4
2;100;1599955200;3;699.53
7;300;1584316800;2;797.38
9;100;1596412800;2;883.02
2;300;1598659200;1;635.23
6;300;1662076800;1;982.57
0;200;1584057600;2;662.37
1;300;1630540800;1;266.02
7;300;1589587200;2;189.17
5;100;1578614400;2;395.27
4;100;1631836800;2;872.1
4;100;1578787200;1;375.31
5;200;1625529600;0;577.52
2;300;1626220800;1;609.36
7;200;1662422400;3;836.81
9;200;1657411200;3;87.04
3;300;1600819200;1;836.93
3;100;1631232000;3;618.95
10;200;1637193600;0;717.03
10;300;1603065600;1;866.36
5;300;1594771200;0;88.61
5;100;1614211200;2;828.64
0;200;1653696000;2;49.87
6;200;1616284800;2;637.43
0;200;1601164800;3;693.4
3;100;1640217600;2;148.22
3;300;1655164800;0;44.01
7;300;1633737600;0;701.76
3;200;1604880000;3;228.69
8;100;1580601600;2;964.89
9;300;1596931200;1;779.28
5;200;1580428800;0;314.08
5;100;1597190400;1;819.59
9;100;1641513600;3;916.45
4;100;1604534400;3;189.82
2;100;1641081600;0;626.06
9;300;1604361600;0;511.16
0;100;1645747200;0;63.39
4;100;1590710400;3;94.54
7;200;1649203200;3;404.94
1;300;1597708800;0;13.8
1;100;1656979200;2;240.44
10;200;1592870400;3;817.44
2;100;1586131200;2;96.53
8;100;1607472000;3;517.87
10;100;1613606400;0;385.59
8;300;1640649600;1;202.71
6;200;1649203200;3;102.32
7;200;1654128000;0;468.83
8;100;1652832000;0;862.36
4;100;1643760000;2;793.98
9;300;1581465600;1;285.36
10;100;1647043200;3;192.17
10;100;1596153600;0;367.39
5;300;1648771200;1;36.79
0;100;1607817600;3;890.33
4;100;1663718400;0;249.38
7;300;1651795200;1;389.78
9;300;1648684800;1;427.39
9;200;1657411200;3;490.77
6;300;1632441600;1;65.88
9;200;1588636800;3;603.21
9;100;1656374400;3;887.97
4;100;1577836800;3;853.26
1;300;1602806400;0;730.06
2;100;1577923200;3;691.66
3;200;1585008000;0;95.17
7;200;1637625600;1;992.79
0;300;1648944000;1;16.83
6;300;1590796800;3;966.29
8;100;1636070400;2;788.07
7;200;1648166400;2;196.75
4;300;1661299200;1;106.57
0;300;1619136000;2;176.22
1;100;1640304000;1;513.78
3;300;1641340800;3;64.91
8;100;1577836800;0;74.43
3;300;1592956800;2;438.63
9;200;1640563200;3;319.59
4;100;1613520000;1;961.38
10;200;1612915200;2;372.88
4;100;1583020800;2;881.04
4;200;1614729600;2;691.62
3;200;1655596800;1;238.76
6;100;1623024000;1;87.74
10;100;1660694400;1;605.13
7;100;1658275200;2;289.02
3;200;1636934400;1;863.9
7;200;1646179200;2;102.89
8;300;1624406400;3;654.36
9;300;1632355200;0;334.29
1;300;1611792000;0;776.58
5;100;1647216000;2;863.6
5;300;1656374400;1;238.88
8;300;1606262400;0;767.86
8;300;1600300800;2;942.72
7;300;1631750400;1;289.46
5;200;1591833600;2;331.44
5;300;1653609600;0;126.64
10;100;1588809600;0;475.13
3;200;1636502400;2;536.91
7;300;1639612800;2;692.33
2;200;1591833600;2;834.15
3;200;1621814400;1;855.74
1;200;1648339200;0;789.26
9;300;1652054400;0;668.24
2;100;1598227200;3;269.23
8;200;1650931200;2;750.89
6;200;1651449600;1;784.43
9;300;1657497600;2;452.44
9;300;1656892800;1;215.89
0;100;1601251200;3;630.75
6;200;1626825600;2;626.79
2;300;1585526400;2;263.07
5;200;1596326400;1;689.99
3;300;1590019200;2;631.86
8;100;1623456000;3;351.44
7;100;1579737600;1;672.31
0;300;1655164800;0;839.04
8;300;1638230400;0;913.79
5;200;1653177600;1;279.42
5;200;1651881600;2;83.58
0;300;1658880000;3;610.34
8;200;1633737600;2;966.37
5;100;1602460800;1;111.36
2;100;1590624000;0;184.88
3;200;1620259200;1;740.68
9;300;1660003200;1;30.74
7;200;1645660800;2;408.21
0;100;1662163200;3;921.97
5;100;1594512000;2;552.22
0;100;1604793600;0;232.09
9;200;1612828800;2;458.94
3;200;1633219200;1;976.74
10;100;1604448000;3;39.83
2;200;1629244800;2;79.27
3;100;1640390400;1;362.78
3;300;1662249600;2;219.72
0;200;1655942400;2;178.94
7;200;1661731200;0;734.24
5;200;1642723200;3;483.38
9;300;1585699200;1;392.89
2;200;1634601600;3;676.37
6;100;1606348800;3;482.31
5;100;1581724800;3;623.89
5;200;1660608000;3;666.17
3;300;1657065600;3;257.63
6;100;1607990400;0;323.46
0;300;1651190400;2;192.81
6;200;1645056000;2;265.73
7;100;1627776000;2;52.9
10;200;1648771200;1;561.64
2;200;1626912000;1;758.62
1;300;1619222400;2;802.85
7;200;1628380800;2;395.59
5;300;1620000000;1;367.13
9;300;1653782400;1;589.61
2;100;1585526400;3;407.5
7;200;1648080000;1;558.07
0;200;1588550400;2;346.57
5;100;1590883200;3;554.15
0;200;1598140800;0;734.54
3;100;1586044800;3;30.31
7;200;1654905600;2;188.77
10;100;1602547200;3;746.04
7;200;1605916800;3;427.4
4;100;1627603200;1;817.01
1;200;1587168000;3;197.0
10;100;1627516800;2;536.35
10;300;1603670400;2;852.67
5;100;1623715200;3;409.13
5;300;1628553600;0;837.41
2;300;1579219200;0;318.36
8;300;1594080000;1;642.51
7;300;1588636800;3;997.18
9;100;1577923200;1;282.15
2;200;1654819200;1;58.13
8;300;1610668800;3;715.11
0;100;1585872000;0;296.48
5;200;1644710400;3;370.32
10;200;1656547200;2;636.49
8;100;1607817600;3;791.3
2;300;1591228800;1;454.86
9;300;1599868800;3;52.85
5;100;1663372800;1;842.46
2;300;1587945600;2;733.14
8;300;1646438400;1;401.61
1;300;1612310400;3;596.14
7;100;1629936000;0;325.92
10;300;1644019200;3;556.97
9;200;1631318400;1;459.17
4;200;1595376000;0;165.18
10;200;1654387200;1;109.92
2;100;1597363200;3;95.65
8;100;1634688000;2;611.9
8;300;1650499200;2;558.4
1;100;1623628800;3;659.24
4;300;1638144000;0;464.24
8;300;1603584000;0;47.6
9;200;1618704000;0;309.96
6;100;1624665600;0;273.68
5;200;1590969600;3;506.56
1;100;1645488000;0;775.39
7;200;1663459200;3;879.43
8;100;1605398400;3;660.71
5;100;1579824000;3;845.18
6;200;1589673600;1;599.52
6;100;1589155200;0;443.88
1;200;1653523200;1;571.67
8;200;1638403200;3;293.13
5;300;1618790400;1;822.18
6;100;1609632000;3;722.98
8;100;1584144000;1;21.03
4;200;1603670400;0;900.09
1;200;1595203200;3;57.84
0;200;1639699200;3;711.68
6;100;1623456000;2;556.25
0;200;1585094400;2;134.07
7;100;1597276800;0;15.74
8;100;1614384000;0;56.67
10;100;1655942400;2;220.62
3;300;1602720000;0;442.76
7;300;1630627200;0;604.8
10;300;1583884800;1;376.38
7;200;1587168000;2;925.1
10;300;1593561600;2;668.51
9;100;1628467200;1;657.68
3;200;1593648000;2;748.33
2;200;1661126400;0;441.24
9;200;1611446400;0;710.77
3;100;1631491200;2;828.59
3;200;1622592000;1;416.68
4;200;1622505600;3;116.17
8;300;1591574400;3;161.96
3;300;1579910400;1;259.37
7;200;1603065600;3;237.45
2;300;1648598400;3;441.02
2;100;1605657600;2;842.03
0;100;1627344000;1;858.69
1;300;1595289600;0;464.4
3;200;1632096000;0;499.21
8;200;1646870400;1;563.31
8;300;1638921600;0;442.0
9;200;1577923200;0;902.45
6;200;1595635200;1;865.63
8;100;1599004800;3;611.19
0;100;1655683200;0;251.92
2;100;1656201600;3;590.73
5;100;1582416000;2;661.65
10;100;1627603200;3;431.69
5;300;1604102400;1;982.35
1;200;1608163200;2;264.96
7;100;1650758400;3;167.39
10;200;1635206400;2;491.03
9;300;1594944000;0;794.75
7;100;1615075200;3;671.95
0;300;1626566400;3;52.1
4;300;1616976000;3;676.05
5;100;1588291200;3;419.8
2;100;1590364800;2;539.77
2;100;1624924800;1;390.26
1;200;1644192000;2;537.66
4;200;1611705600;3;252.18
4;300;1654819200;2;33.26
5;300;1639785600;1;454.59
2;300;1599955200;1;819.76
0;200;1638144000;0;756.6
1;200;1615420800;0;238.45
8;300;1583020800;1;525.27
10;100;1638057600;0;61.82
9;100;1608163200;2;241.75
2;200;1606089600;3;957.84
4;200;1654473600;2;776.75
3;100;1660003200;0;287.13
5;300;1632700800;3;271.65
5;200;1594944000;2;666.23
8;200;1632096000;3;126.96
6;200;1641859200;3;345.17
4;300;1594598400;2;160.5
5;100;1592870400;3;787.45
2;100;1585440000;2;701.97
5;300;1596585600;1;738.48
8;100;1662681600;2;274.6
0;300;1602633600;2;7.95
4;100;1649980800;2;327.39
3;200;1621296000;0;958.43
2;200;1663372800;1;705.28
1;100;1615593600;2;778.04
9;200;1638403200;1;900.63
10;100;1634515200;1;219.83
9;300;1628208000;0;10.96
3;300;1599264000;1;777.51
0;200;1598572800;1;651.96
9;200;1660435200;0;313.05
6;300;1613692800;0;645.6
10;100;1577836800;0;563.23
0;100;1634688000;3;847.63
5;100;1623801600;2;905.46
2;100;1657670400;2;767.01
5;200;1585526400;3;555.24
0;100;1657152000;0;304.86
0;200;1647734400;0;940.1
8;100;1651363200;3;99.25
0;100;1645228800;2;730.12
0;300;1615852800;0;68.62
3;100;1594166400;1;425.44
3;300;1610755200;2;530.81
3;300;1658016000;2;199.69
6;200;1653868800;3;345.55
3;300;1611964800;2;572.17
2;300;1585180800;1;904.33
6;100;1642896000;2;460.94
0;200;1605571200;1;59.41
5;100;1584403200;2;858.53
4;300;1627689600;2;383.94
2;100;1578873600;2;744.6
6;100;1599091200;0;291.52
6;200;1589673600;3;843.75
10;100;1583625600;1;480.12
3;300;1613692800;0;968.51
0;100;1634860800;0;853.88
4;200;1584748800;0;367.68
10;100;1657497600;1;491.24
0;200;1606435200;3;79.68
6;100;1628467200;3;993.3
6;200;1597708800;1;215.53
4;200;1586563200;0;133.87
4;200;1618617600;2;139.97
7;100;1600387200;3;33.81
6;100;1595721600;1;695.75
2;100;1602028800;0;435.01
3;100;1658620800;1;653.98
9;300;1642118400;0;430.06
2;300;1596067200;1;397.16
1;300;1586908800;2;432.28
9;200;1624924800;1;369.92
7;100;1606435200;3;352.74
9;100;1610409600;0;408.92
0;200;1611360000;2;492.58
5;100;1590624000;1;88.0
7;100;1605484800;3;760.4
9;300;1645920000;3;216.67
7;100;1597017600;0;598.61
9;300;1587859200;1;220.48
7;200;1600560000;0;50.02
10;200;1622937600;1;112.57
4;200;1644278400;3;332.78
7;300;1583798400;2;814.15
4;100;1607558400;3;893.65
4;300;1586217600;3;472.38
10;200;1601942400;3;220.1
3;300;1645833600;3;598.52
9;200;1654992000;3;149.14
1;200;1661558400;2;144.32
10;100;1645574400;3;100.75
9;300;1618790400;2;575.41
1;100;1620086400;3;905.75
0;200;1590278400;1;192.57
1;100;1579651200;1;694.14
5;300;1599091200;0;266.83
2;300;1605225600;0;317.4
9;300;1583971200;3;916.84
5;200;1613520000;3;323.16
5;100;1659225600;3;284.87
7;300;1608508800;3;458.03
10;200;1591747200;0;330.81
7;100;1654041600;2;72.34
4;100;1610064000;3;566.23
9;300;1638144000;2;917.55
9;100;1660867200;2;191.32
2;200;1635033600;1;743.69
10;200;1644364800;2;354.9
8;300;1600300800;2;680.6
6;100;1623283200;1;743.55
10;200;1656633600;3;915.0
2;200;1661731200;2;331.42
3;300;1626393600;0;594.12
6;200;1659484800;3;742.5
4;200;1626998400;0;415.22
9;200;1590105600;2;591.8
2;200;1578009600;2;922.25
4;300;1590796800;3;723.51
5;100;1582761600;1;943.9
10;100;1640822400;2;789.44
2;300;1659484800;1;795.88
6;100;1635811200;3;351.82
7;300;1587859200;3;867.0
10;100;1628467200;1;596.62
6;200;1587427200;0;427.53
5;100;1614988800;0;407.18
9;100;1654992000;0;868.06
0;100;1642464000;1;467.98
4;200;1578268800;0;650.62
2;300;1621814400;1;606.61
8;200;1653609600;2;953.76
7;300;1626912000;3;432.13
7;300;1633996800;0;886.1
8;200;1603756800;3;996.81
1;300;1632096000;2;177.76
4;300;1660089600;1;699.76
0;200;1642291200;2;134.61
4;200;1655078400;0;734.17
6;100;1655596800;0;739.63
1;200;1632700800;2;74.07
6;200;1584489600;0;340.08
3;200;1593475200;3;341.05
8;300;1587600000;0;279.88
9;100;1615075200;3;925.35
2;300;1654300800;1;335.97
6;200;1649894400;2;939.15
9;100;1623974400;1;340.95
1;200;1580860800;1;280.16
0;100;1627516800;1;613.26
2;100;1653264000;0;171.34
6;200;1606867200;1;719.25
4;200;1587686400;3;437.24
1;100;1618185600;1;20.63
0;300;1625097600;2;806.81
9;200;1610064000;3;106.67
5;100;1658448000;2;653.01
0;200;1581120000;0;16.27
2;200;1641081600;3;851.2
0;100;1589587200;1;468.02
4;300;1625443200;0;695.28
10;200;1617580800;1;731.64
0;200;1639612800;0;967.69
3;100;1633132800;2;584.55
5;300;1653955200;3;335.6
4;300;1632009600;3;58.39
7;300;1577923200;0;352.5
5;200;1593993600;1;515.18
1;200;1634947200;0;399.53
2;200;1645142400;2;30.09
4;100;1587859200;1;895.22
3;200;1605484800;3;173.75
0;200;1633219200;0;926.69
4;300;1623196800;0;133.33
5;300;1579478400;3;382.93
8;200;1632787200;3;87.87
6;200;1582848000;3;444.26
7;200;1633910400;3;116.35
0;100;1590796800;1;844.2
3;100;1636070400;2;469.78
1;200;1626566400;1;301.35
10;300;1640217600;3;518.37
2;200;1621123200;0;701.57
10;100;1597104000;0;285.14
4;200;1606608000;0;882.67
9;300;1581552000;3;322.34
6;300;1654992000;3;138.18
0;100;1584576000;1;706.3
5;200;1630195200;0;785.49
8;200;1609718400;3;900.36
8;200;1632700800;1;27.24
10;200;1601683200;1;891.47
6;300;1621814400;2;772.88
8;200;1625702400;0;649.06
3;300;1664150400;3;80.1
0;200;1577836800;1;862.84
7;200;1627257600;2;110.85
10;300;1643760000;3;256.79
2;300;1593302400;0;424.35
5;300;1640217600;3;536.99
1;200;1578960000;3;477.4
0;200;1652659200;2;224.8
7;100;1609113600;0;618.25
5;300;1616889600;2;671.64
7;300;1620000000;0;632.59
5;100;1656547200;0;451.09
10;200;1639353600;3;105.04
4;200;1589673600;2;130.84
10;300;1583971200;0;242.86
5;100;1653955200;3;921.22
9;300;1656028800;0;559.47
7;300;1636502400;2;805.17
7;200;1652227200;2;193.65
10;200;1627776000;0;105.11
10;200;1596758400;0;934.94
4;300;1630108800;0;516.85
0;300;1647388800;0;839.08
3;300;1645833600;2;87.17
5;300;1662595200;2;156.74
2;200;1659916800;1;312.44
0;100;1601164800;2;570.49
3;100;1589414400;1;474.74
8;300;1659139200;3;330.93
8;200;1598313600;1;127.87
5;300;1595808000;2;305.47
5;200;1628726400;0;208.69
0;200;1617926400;3;446.45
10;300;1622937600;0;476.55
8;300;1614038400;0;769.78
8;200;1611187200;1;326.03
7;300;1630108800;1;59.31
6;300;1587859200;2;242.55
4;200;1584576000;2;932.54
0;300;1598659200;2;693.87
7;300;1636329600;2;491.65
5;200;1609891200;1;936.53
3;200;1592956800;1;556.88
0;200;1649030400;1;509.59
7;200;1619827200;2;423.81
9;300;1615939200;0;379.64
7;200;1584144000;0;590.18
1;300;1590192000;3;128.85
2;300;1646697600;3;498.28
3;200;1623024000;3;992.88
5;300;1595808000;2;969.41
4;100;1646179200;3;637.79
10;200;1644969600;1;162.15
7;200;1620172800;0;723.7
5;200;1579219200;1;656.84
5;100;1655510400;3;541.55
8;300;1604966400;1;344.91
1;300;1591142400;1;15.25
0;300;1607904000;3;259.6
6;200;1659052800;3;50.96
0;100;1607817600;2;555.51
4;100;1609977600;3;220.89
4;300;1626307200;3;409.87
2;200;1602892800;3;531.18
7;100;1605312000;1;400.08
10;100;1646956800;0;772.33
8;200;1586304000;0;731.71
7;100;1654560000;1;248.94
10;200;1645142400;0;371.28
0;100;1590105600;2;687.69
1;200;1659139200;1;527.02
1;100;1600473600;2;418.19
8;200;1630800000;0;208.94
9;300;1631664000;3;62.04
1;200;1655510400;1;334.34
2;200;1657497600;3;529.08
7;300;1626307200;2;184.42
1;200;1654300800;0;730.68
5;200;1599696000;1;473.4
5;200;1640131200;2;686.5
2;100;1588723200;0;624.1
7;300;1633478400;0;37.04
3;100;1628121600;1;956.26
3;300;1661040000;3;826.19
4;300;1594339200;3;20.69
8;100;1606003200;1;123.31
6;100;1652918400;0;882.95
2;100;1600041600;0;15.59
2;200;1634947200;1;152.09
4;300;1615075200;3;145.33
8;100;1634083200;2;741.86
8;300;1596931200;2;623.81
0;300;1593561600;0;338.11
5;300;1602288000;1;85.46
7;100;1608768000;0;826.56
10;100;1596240000;2;658.65
8;200;1586131200;0;175.5
6;100;1633392000;0;971.49
4;300;1661212800;3;146.92
5;100;1646697600;0;69.12
7;200;1587945600;0;941.59
9;100;1582848000;0;927.44
3;200;1599091200;2;947.03
2;100;1636070400;3;515.55
10;100;1655164800;2;430.93
0;200;1580169600;2;833.05
9;100;1644192000;0;104.81
1;300;1622678400;1;523.71
0;300;1661212800;2;562.3
4;100;1619568000;2;509.75
9;100;1595376000;2;154.34
2;300;1644019200;1;465.33
10;200;1633651200;0;32.82
7;100;1606348800;3;124.29
8;200;1635811200;3;420.26
3;100;1594857600;3;285.5
8;200;1609891200;2;153.85
5;300;1590105600;0;643.08
0;300;1658880000;0;382.98
5;300;1612483200;2;42.1
6;200;1653696000;3;549.48
2;300;1608681600;0;521.93
10;100;1577923200;3;20.14
6;300;1611792000;0;806.16
4;300;1593302400;2;470.37
1;200;1661731200;0;715.8
8;100;1581465600;2;545.59
3;200;1644451200;2;817.0
9;300;1596067200;1;283.75
7;100;1656979200;1;245.59
3;100;1602288000;3;201.53
10;200;1628208000;2;894.95
10;200;1649462400;2;269.27
3;300;1580169600;2;812.3
1;300;1604448000;0;739.89
4;100;1658275200;2;905.06
4;100;1646956800;2;821.24
2;200;1587513600;0;768.9
6;100;1629849600;2;201.44
6;200;1578441600;0;615.89
3;200;1604966400;1;512.09
6;200;1656806400;2;916.44
8;300;1603497600;3;326.02
0;300;1605484800;1;732.02
6;300;1653177600;0;126.85
0;200;1640822400;1;832.24
3;200;1602028800;3;663.32
3;300;1643760000;1;3.89
10;100;1660953600;3;204.98
6;100;1586563200;0;406.8
3;300;1655078400;0;171.72
6;300;1600387200;1;138.7
6;100;1595980800;2;341.72
6;300;1625961600;3;940.72
7;300;1594080000;1;654.21
2;300;1593043200;1;996.16
0;100;1652745600;3;642.93
0;200;1601251200;3;396.48
6;100;1647648000;2;465.76
3;100;1649203200;2;965.48
8;300;1629676800;3;981.07
10;300;1579132800;3;650.72
3;100;1612137600;3;469.83
5;300;1640736000;2;363.83
2;300;1602460800;1;206.45
8;200;1651190400;0;253.41
8;100;1639958400;0;669.79
6;200;1634515200;0;289.06
2;100;1661385600;0;166.68
10;200;1584835200;3;114.36
0;200;1642204800;1;425.72
0;300;1658793600;2;262.48
1;200;1624838400;0;754.73
1;300;1595635200;2;325.95
4;200;1608854400;0;316.82
3;300;1582502400;0;442.23
0;200;1621468800;0;708.18
2;300;1626048000;3;732.73
10;300;1626998400;1;435.89
7;200;1628294400;0;54.52
6;300;1614297600;2;348.06
0;200;1661644800;3;772.86
0;200;1622332800;2;191.46
7;200;1580947200;0;262.22
2;100;1610755200;1;257.57
6;300;1633392000;1;218.85
1;300;1630972800;2;619.96
5;200;1648080000;2;82.31
3;300;1607040000;1;994.65
5;300;1590451200;0;578.91
2;100;1606608000;1;769.94
7;300;1610323200;3;206.7
2;200;1605484800;2;275.42
0;300;1662681600;1;847.02
2;100;1579305600;1;70.52
7;200;1607731200;2;323.86
1;300;1618790400;3;355.86
3;200;1645747200;3;448.89
1;200;1619222400;1;533.17
3;100;1623715200;0;827.14
6;200;1601164800;3;810.06
9;300;1630281600;0;730.18
1;200;1608336000;3;939.87
4;100;1656720000;0;267.14
10;200;1645920000;0;163.9
4;300;1596844800;3;962.79
0;200;1641686400;1;743.16
6;200;1644883200;1;577.11
9;300;1624406400;3;687.1
5;300;1658707200;3;545.48
4;200;1663459200;1;126.75
8;100;1646870400;1;403.76
7;200;1604361600;1;884.01
2;100;1644883200;3;313.36
9;200;1587859200;1;345.19
5;300;1610064000;2;961.88
2;300;1624579200;0;251.66
9;200;1580947200;3;880.63
9;100;1577836800;1;322.75
5;300;1606521600;1;509.59
9;100;1607299200;3;157.19
3;200;1583280000;2;390.49
3;100;1649203200;0;511.84
4;300;1638748800;2;770.23
6;100;1588636800;3;858.87
5;300;1641859200;0;702.19
7;200;1619222400;3;726.87
8;300;1599523200;0;930.52
6;300;1636761600;2;581.23
0;200;1646611200;2;402.15
7;200;1609113600;1;464.94
5;200;1619136000;0;946.89
5;300;1648339200;1;20.57
0;300;1652140800;0;108.05
5;200;1586908800;0;209.94
7;100;1591574400;1;180.98
7;300;1632873600;1;424.21
2;100;1618358400;0;541.43
6;200;1659484800;1;602.55
7;300;1623974400;2;628.45
8;300;1578528000;0;406.11
2;300;1618012800;1;903.23
2;100;1580860800;1;232.82
2;300;1630108800;0;695.73
10;300;1653436800;2;961.98
8;200;1639612800;1;811.77
5;200;1647993600;2;474.67
10;300;1600560000;2;481.57
7;200;1633651200;1;544.31
5;100;1584576000;3;516.93
4;300;1622937600;0;23.86
2;100;1623196800;1;946.4
4;100;1629417600;0;38.53
4;300;1606953600;1;818.45
4;200;1609545600;1;155.61
2;200;1641600000;2;451.29
1;200;1580083200;3;95.87
9;200;1598140800;1;224.94
2;300;1625529600;3;664.33
5;100;1624924800;0;284.33
5;100;1660867200;2;291.35
5;100;1659139200;2;462.02
7;200;1628812800;1;112.05
8;200;1642032000;0;856.11
10;200;1621036800;2;217.55
5;100;1639008000;3;867.29
5;100;1626307200;0;248.48
8;100;1641772800;2;401.74
9;100;1608336000;3;443.17
3;100;1578614400;0;145.12
3;100;1623974400;3;650.7
7;300;1604016000;2;540.54
3;300;1606262400;2;220.74
3;200;1643155200;1;71.08
1;300;1646697600;3;962.34
6;200;1606176000;2;647.16
0;100;1628208000;2;259.79
3;100;1602892800;1;887.34
7;100;1620172800;3;376.24
2;300;1611014400;0;999.27
10;300;1587513600;0;540.78
3;200;1610668800;0;769.25
9;300;1607126400;2;882.77
5;100;1660608000;0;721.11
8;300;1618185600;0;370.51
1;200;1600128000;0;57.05
8;200;1632960000;0;969.44
2;300;1599004800;2;934.83
7;200;1628121600;2;917.72
4;100;1658793600;1;947.91
6;300;1578528000;3;482.46
7;100;1588550400;2;316.7
1;200;1658620800;0;755.47
9;300;1599004800;1;260.33
2;100;1610150400;0;201.42
1;100;1584748800;3;286.42
2;200;1623283200;0;871.45
3;200;1587945600;1;99.63
4;100;1657843200;1;528.04
1;100;1654992000;3;479.0
9;200;1615766400;2;457.02
0;200;1661040000;2;406.09
4;100;1600992000;1;470.27
3;200;1585094400;2;489.31
6;100;1659052800;3;721.06
6;300;1596844800;3;100.64
5;100;1606521600;1;224.25
6;100;1602806400;0;783.11
4;200;1610323200;0;954.59
3;300;1608768000;3;650.32
7;100;1627344000;2;537.96
0;200;1611360000;1;289.7
3;300;1638662400;1;112.75
8;300;1621641600;3;654.32
4;300;1612915200;1;452.68
0;200;1644969600;0;532.22
3;200;1613088000;0;784.68
3;300;1659830400;0;560.08
6;200;1630713600;0;536.4
4;200;1617580800;3;696.47
10;200;1586476800;2;374.17
2;300;1644364800;1;231.0
10;300;1631059200;3;293.41
4;200;1612483200;1;130.97
9;300;1584144000;3;272.63
0;100;1597622400;1;550.48
0;300;1616544000;1;342.66
2;200;1645315200;1;17.43
5;100;1639353600;0;817.74
8;300;1654646400;2;763.39
8;200;1618617600;2;157.64
5;100;1596499200;1;590.33
2;300;1616284800;1;239.74
10;100;1663632000;3;438.92
6;300;1581811200;0;142.41
3;200;1660867200;1;561.94
6;300;1654128000;3;18.17
0;100;1592697600;1;173.34
5;100;1616025600;3;594.71
4;300;1581206400;0;273.07
7;300;1645747200;1;418.0
10;200;1581292800;0;123.87
9;300;1629504000;0;910.1
9;200;1629676800;1;728.07
1;200;1578873600;3;539.36
1;200;1650672000;2;57.97
5;200;1593820800;3;174.08
10;300;1620000000;0;827.09
1;200;1645488000;3;945.04
1;300;1595808000;3;150.94
8;300;1657238400;1;509.25
3;100;1639180800;0;966.88
7;300;1644105600;0;691.43
8;100;1621814400;0;949.21
3;300;1663372800;3;732.36
0;300;1590019200;2;464.21
6;100;1606348800;2;504.16
8;100;1627516800;2;396.62
3;300;1629417600;0;818.82
4;300;1646352000;3;440.98
2;300;1642464000;3;456.74
7;200;1582588800;1;395.35
0;300;1602288000;0;684.99
9;200;1662422400;2;720.19
7;100;1580947200;3;17.5
4;300;1631232000;3;843.21
7;100;1614902400;0;296.5
1;100;1632009600;3;244.77
8;200;1596153600;2;686.31
6;200;1664236800;1;413.56
6;100;1638316800;2;721.18
3;200;1640908800;0;847.28
5;100;1590105600;3;388.72
9;200;1591833600;3;597.07
9;200;1632268800;1;601.57
0;100;1652745600;3;156.1
7;100;1647216000;1;365.32
0;100;1603670400;2;172.02
4;100;1618012800;3;483.28
0;100;1585785600;2;220.03
9;200;1613088000;1;403.29
4;100;1579824000;0;405.82
9;100;1653696000;3;377.43
4;100;1612224000;0;538.83
8;300;1657843200;2;464.16
1;200;1633305600;2;679.84
9;100;1599609600;3;886.13
4;100;1578096000;2;663.46
2;200;1606176000;3;376.92
5;200;1639353600;1;703.85
3;100;1635984000;3;487.69
3;200;1628121600;2;213.01
2;200;1591920000;2;575.39
2;300;1649808000;3;500.39
5;300;1594684800;1;667.69
8;300;1588809600;3;797.67
8;300;1589414400;0;387.05
0;300;1663027200;1;521.89
8;200;1657238400;2;608.04
3;200;1661817600;1;484.14
5;100;1647561600;0;461.72
10;300;1654992000;1;718.43
9;200;1660176000;0;407.2
1;300;1603843200;0;563.13
10;100;1609545600;3;464.09
3;200;1601164800;3;965.23
9;200;1588896000;0;589.75
6;200;1653350400;1;707.05
10;300;1638835200;3;219.15
8;300;1660348800;0;879.24
2;200;1659052800;2;43.29
2;300;1646265600;1;447.01
6;100;1619913600;1;356.62
0;200;1636848000;2;168.93
5;200;1643500800;3;617.96
4;100;1635811200;3;326.78
1;100;1625443200;3;683.37
4;200;1653091200;0;520.94
8;300;1602547200;0;582.39
9;300;1586044800;2;819.24
9;100;1623628800;3;297.29
1;100;1640995200;1;539.11
2;200;1660176000;3;386.89
10;200;1628121600;0;723.76
7;200;1644019200;2;249.52
9;100;1651190400;0;464.1
8;200;1605744000;2;980.24
10;300;1628899200;3;276.15
2;100;1631923200;2;533.82
8;300;1595980800;0;965.32
9;100;1608422400;0;350.2
3;100;1613692800;1;132.85
0;300;1642118400;1;966.08
8;300;1597622400;3;854.67
10;100;1633219200;2;937.14
3;100;1650240000;1;210.26
0;300;1604361600;0;279.87
2;200;1599523200;1;250.17
5;100;1592870400;3;219.8
5;300;1601078400;2;300.1
8;100;1646784000;0;240.86
9;200;1579651200;0;866.32
4;100;1601596800;1;625.17
7;100;1598054400;2;419.3
6;300;1626134400;1;237.2
7;100;1659052800;3;464.8
3;200;1611014400;0;391.85
8;100;1656374400;2;147.42
4;200;1610323200;3;477.65
5;100;1604966400;0;877.06
2;100;1644364800;3;153.48
8;100;1631404800;3;517.51
5;300;1607299200;2;302.35
8;300;1659139200;3;444.96
6;100;1581465600;2;282.77
10;100;1661644800;2;836.85
0;300;1597449600;1;624.26
5;300;1633651200;0;646.65
8;200;1622419200;2;17.89
3;100;1618012800;1;685.32
0;300;1642291200;1;208.6
5;200;1649030400;3;108.07
10;300;1657152000;3;20.2
0;100;1631836800;1;153.17
8;100;1637884800;2;283.47
7;200;1606348800;1;514.65
2;100;1646265600;2;263.36
7;200;1624579200;2;565.55
4;100;1616716800;2;740.79
3;300;1579910400;1;723.85
4;100;1664236800;3;561.54
2;100;1630972800;3;349.73
4;300;1585008000;2;292.78
8;100;1578096000;3;383.87
3;100;1640649600;0;856.95
9;300;1627171200;3;642.26
0;200;1639267200;0;359.35
8;100;1611532800;2;92.0
1;300;1635638400;2;59.42
1;300;1597190400;2;372.52
6;100;1626912000;3;93.98
6;100;1658966400;1;211.67
4;100;1589241600;0;584.04
4;300;1582934400;3;158.21
6;200;1643673600;2;798.4
4;100;1654128000;0;260.07
4;200;1578873600;2;18.83
8;200;1651795200;2;677.63
10;200;1607385600;0;456.92
10;100;1588550400;3;781.4
5;100;1647129600;1;651.91
8;100;1641254400;0;699.23
9;200;1660003200;0;13.3
8;200;1662768000;2;995.85
5;100;1614211200;0;542.52
8;100;1585440000;2;927.22
9;300;1645142400;0;51.43
7;100;1579219200;2;266.73
8;200;1591574400;3;227.81
1;100;1605916800;2;988.71
6;300;1613692800;2;504.6
3;200;1633132800;0;291.2
10;200;1595548800;2;113.23
6;300;1585612800;1;998.11
5;200;1624492800;1;676.41
0;100;1592524800;0;794.18
2;200;1617840000;1;500.48
7;300;1599264000;0;246.13
4;300;1630108800;3;206.13
0;200;1630540800;2;381.93
4;200;1652832000;3;940.53
8;300;1642464000;1;749.38
0;300;1636243200;2;785.05
7;300;1580601600;1;76.13
8;200;1653955200;2;385.21
8;100;1579651200;3;193.09
7;100;1593388800;3;906.03
5;100;1582848000;3;462.4
6;100;1609200000;0;717.48
1;300;1614297600;3;58.79
10;100;1647820800;1;660.98
3;100;1638403200;1;644.03
10;300;1587340800;3;102.6
9;100;1623974400;2;269.48
5;100;1659657600;1;19.06
6;300;1604707200;3;936.3
1;100;1623196800;3;854.94
0;100;1654041600;2;455.79
6;300;1649894400;0;272.88
6;200;1646092800;0;510.62
4;200;1597536000;2;95.55
5;100;1611446400;0;539.51
8;300;1634688000;2;805.7
6;300;1623196800;2;384.23
7;100;1643587200;0;60.29
10;300;1580860800;2;401.42
6;300;1589328000;0;265.67
7;100;1643241600;2;752.68
7;300;1614988800;1;337.92
3;200;1610755200;0;519.49
3;200;1598918400;1;759.65
4;300;1659484800;0;830.28
0;100;1626048000;1;743.53
4;200;1613952000;1;296.31
5;200;1641427200;1;421.66
10;300;1591228800;2;316.55
3;100;1627257600;1;393.98
9;100;1633219200;1;733.72
2;200;1590192000;3;79.21
10;300;1598400000;1;683.5
8;300;1583712000;3;73.34
4;100;1595808000;1;101.38
5;300;1608249600;3;402.66
7;100;1588377600;1;386.6
9;200;1637193600;2;933.98
10;200;1624752000;0;491.05
8;200;1614038400;3;554.56
0;300;1660867200;1;136.69
1;200;1647216000;3;910.54
2;200;1593993600;2;26.43
1;100;1617667200;1;974.39
4;200;1643846400;1;693.58
2;200;1587254400;0;765.08
8;200;1634860800;3;295.05
6;100;1647388800;3;361.49
8;100;1601164800;3;549.54
1;300;1641340800;2;352.2
3;100;1593129600;0;464.11
6;100;1640304000;3;625.77
3;100;1639353600;0;387.42
3;200;1603324800;3;129.78
1;300;1614297600;0;271.07
1;200;1595203200;3;74.88
4;200;1620432000;1;816.27
6;200;1611187200;1;298.09
5;300;1636156800;0;420.52
7;100;1631664000;1;935.0
4;200;1609891200;3;267.39
8;200;1637798400;0;170.73
6;300;1611100800;0;914.75
3;200;1652918400;2;964.5
8;100;1635897600;1;391.54
6;200;1633046400;0;316.17
6;100;1599696000;3;633.06
2;100;1612828800;2;122.83
10;100;1590883200;2;712.03
1;200;1592784000;0;783.55
3;200;1611446400;2;361.16
3;300;1600646400;2;791.82
5;300;1588464000;0;765.08
9;300;1643760000;3;644.44
10;200;1662249600;0;713.47
3;200;1634342400;1;527.16
5;300;1587340800;2;110.93
5;300;1616457600;1;377.26
7;200;1582761600;1;444.09
3;200;1635206400;2;630.44
1;200;1593907200;3;795.14
3;100;1597968000;2;570.18
5;100;1635811200;2;801.44
5;200;1585785600;2;830.4
3;200;1635465600;0;225.9
4;100;1636243200;2;616.54
5;200;1598832000;0;767.33
5;300;1600300800;1;92.53
1;300;1628035200;2;468.9
8;200;1620345600;3;14.22
3;200;1607990400;3;710.72
2;100;1580256000;0;265.02
1;100;1638921600;2;9.68
4;300;1645660800;0;401.88
4;300;1646179200;2;874.3
4;200;1608768000;0;510.59
3;100;1641772800;1;484.21
2;100;1589414400;1;155.34
7;100;1592352000;1;994.53
8;100;1647302400;0;11.14
8;100;1658534400;1;417.37
0;300;1632787200;3;983.96
7;300;1600646400;3;715.36
6;100;1581897600;0;72.38
1;300;1608163200;1;972.3
3;100;1610928000;1;633.19
7;200;1605916800;3;489.87
0;300;1589932800;2;615.93
2;200;1657411200;3;363.9
9;100;1637280000;1;933.06
8;200;1640908800;3;496.37
10;200;1647820800;0;1.49
3;300;1627430400;2;490.76
1;200;1585353600;3;980.59
6;100;1653782400;3;941.47
5;200;1600128000;1;94.67
2;200;1591228800;3;799.22
3;100;1631577600;3;997.11
5;100;1659571200;3;774.49
4;200;1595376000;3;756.95
7;200;1635465600;1;464.61
1;200;1627257600;2;296.49
0;100;1580774400;1;451.08
7;200;1642896000;1;182.06
6;100;1637107200;2;154.65
0;300;1591315200;2;222.02
3;200;1635984000;0;638.56
6;300;1590710400;1;444.12
8;300;1611360000;0;628.35
2;100;1628294400;3;256.16
10;200;1633651200;3;878.26
1;200;1654732800;2;362.5
3;100;1656115200;0;492.59
5;200;1578355200;1;215.55
5;200;1605571200;1;864.81
4;100;1651795200;1;861.57
0;200;1652313600;3;966.88
6;200;1643414400;1;402.38
8;300;1647302400;0;908.5
10;100;1643068800;3;720.0
3;100;1632096000;2;269.03
10;200;1634601600;3;250.64
10;200;1615334400;2;442.36
0;300;1585958400;0;752.12
1;300;1590624000;2;95.01
5;100;1617321600;3;103.41
5;100;1658275200;0;336.33
8;100;1589328000;2;530.57
10;300;1611878400;1;679.21
5;100;1625702400;0;289.31
6;200;1612828800;2;620.45
3;300;1591660800;1;387.73
10;300;1638489600;1;940.05
10;300;1633219200;3;269.79
4;200;1609372800;1;425.05
9;100;1643328000;1;832.19
8;100;1658102400;1;812.1
5;100;1592956800;2;450.34
0;100;1615852800;0;625.13
3;300;1654819200;0;367.82
8;100;1593216000;1;439.45
5;200;1637884800;0;268.49
5;300;1589155200;0;447.13
0;100;1593648000;3;644.05
5;100;1614729600;2;629.72
9;200;1583193600;1;210.71
6;200;1654732800;0;48.02
8;100;1657929600;1;956.86
9;200;1626393600;1;446.93
8;300;1635033600;0;399.98
7;200;1620172800;2;768.04
9;100;1621555200;3;245.75
10;200;1651795200;0;943.79
5;200;1645747200;1;870.46
6;300;1653350400;3;725.57
8;300;1639958400;1;107.24
5;100;1647907200;0;275.6
5;200;1648080000;2;332.49
8;100;1618358400;1;662.99
10;300;1608854400;1;689.82
8;100;1657584000;1;328.06
4;200;1641254400;2;635.99
10;100;1594857600;3;990.8
4;300;1581552000;0;563.39
10;300;1658102400;0;588.4
2;200;1618185600;3;902.68
6;300;1608076800;1;702.67
7;300;1621123200;3;648.67
5;300;1656892800;0;709.89
3;100;1648512000;0;474.89
5;100;1637193600;1;249.12
4;300;1659744000;2;587.08
5;100;1638576000;1;763.62
4;100;1648339200;2;171.08
8;300;1625184000;2;847.92
4;100;1585353600;0;684.44
4;200;1638921600;3;922.25
10;100;1593302400;0;21.13
10;300;1608768000;3;963.83
2;100;1627257600;1;281.9
6;300;1579996800;3;591.36
0;200;1577923200;0;519.36
0;200;1646870400;2;75.17
1;200;1624060800;3;22.18
6;300;1643068800;1;667.84
5;200;1640563200;0;69.54
7;300;1656892800;1;155.0
10;100;1631577600;3;111.86
6;100;1581292800;2;319.31
6;300;1622419200;0;115.7
10;300;1651449600;1;579.9
0;300;1591142400;2;792.66
6;100;1590278400;3;418.27
6;200;1625011200;2;382.29
7;200;1627171200;3;952.44
8;300;1600732800;3;891.56
0;300;1619395200;3;855.78
2;100;1653696000;0;253.94
0;200;1634774400;2;485.83
9;200;1636675200;0;174.78
1;100;1592265600;0;859.01
6;100;1590883200;1;927.14
5;200;1641340800;3;941.69
2;300;1625443200;3;304.53
4;200;1647561600;2;538.4
1;300;1585440000;1;717.99
0;200;1594857600;0;754.2
8;300;1629590400;2;316.21
1;200;1582675200;3;881.59
7;300;1581033600;1;820.17
3;200;1601337600;1;525.17
2;200;1620777600;3;371.52
4;100;1641945600;3;382.32
0;200;1622160000;2;148.2
10;200;1660780800;0;366.0
0;200;1597104000;1;897.38
1;300;1609977600;1;456.89
5;200;1634601600;3;197.03
8;300;1631491200;3;902.32
1;100;1583884800;2;509.03
6;300;1625529600;1;515.93
5;200;1659139200;1;381.61
7;100;1642377600;2;311.62
5;300;1603497600;3;790.58
3;300;1636156800;3;175.61
10;200;1581465600;3;166.4
7;100;1652918400;2;534.1
8;300;1589414400;2;357.52
9;100;1607644800;0;187.66
7;300;1655683200;1;62.73
7;200;1636329600;3;879.13
6;200;1638835200;2;712.63
8;300;1595721600;3;78.05
2;200;1589414400;2;879.97
6;300;1604102400;2;114.85
4;200;1591315200;2;143.39
2;100;1582070400;3;185.52
5;300;1654473600;1;443.25
5;300;1628294400;3;677.16
3;200;1591142400;2;320.67
10;300;1598659200;1;447.11
7;100;1617148800;0;243.79
10;300;1588032000;3;203.33
0;300;1647734400;0;997.41
4;200;1647907200;3;138.49
10;100;1606780800;1;841.61
5;200;1610928000;0;644.81
5;100;1625961600;1;323.38
5;100;1619740800;1;711.25
7;300;1627948800;2;224.41
2;200;1607990400;3;134.24
9;200;1581811200;1;537.05
5;300;1642896000;2;90.89
10;100;1644019200;0;768.37
10;200;1662595200;3;657.03
8;100;1588809600;0;956.96
5;200;1583452800;1;84.02
0;300;1590105600;2;410.41
5;200;1577836800;0;491.34
9;100;1610755200;3;266.36
7;200;1629590400;3;931.15
2;300;1660176000;2;462.65
0;200;1627516800;2;149.86
2;300;1662940800;2;84.16
8;300;1652227200;2;800.11
7;300;1646092800;1;626.85
10;300;1597708800;2;926.52
8;100;1637107200;0;91.56
9;100;1600214400;0;849.8
0;200;1589587200;1;189.24
2;200;1613520000;2;145.69
9;100;1609372800;0;836.08
2;100;1602028800;0;20.47
10;200;1629676800;1;979.15
8;200;1641081600;2;339.78
7;300;1617148800;0;996.44
9;200;1655769600;0;436.81
4;200;1627430400;1;837.24
7;300;1613952000;2;66.5
7;300;1609286400;0;162.65
1;100;1634601600;0;158.29
3;100;1588204800;1;316.63
8;300;1595203200;0;798.57
9;100;1585612800;0;735.17
4;100;1658620800;0;373.15
3;200;1621555200;2;700.92
4;300;1633219200;1;456.66
0;100;1654473600;2;997.84
5;100;1663113600;3;883.4
10;200;1597795200;0;759.07
2;300;1598572800;0;465.02
2;200;1593043200;0;219.37
7;300;1656201600;0;349.76
9;200;1660262400;2;953.28
9;300;1645056000;0;933.59
5;200;1591228800;1;95.31
7;300;1596758400;3;780.58
0;100;1580774400;1;257.05
6;100;1582761600;0;32.03
3;100;1609545600;0;147.44
8;300;1583020800;0;854.75
3;100;1619308800;1;92.13
2;300;1611705600;2;883.62
2;100;1647216000;3;50.52
6;200;1582329600;1;89.56
1;100;1594771200;3;700.91
3;200;1592092800;3;514.66
3;100;1580774400;3;318.71
2;200;1614384000;3;940.75
7;200;1653868800;3;418.89
3;100;1586304000;0;953.76
9;200;1599782400;2;505.88
2;200;1622592000;2;396.62
6;200;1612224000;3;205.78
0;100;1619222400;2;723.73
1;300;1583971200;1;958.61
7;200;1662940800;1;681.71
7;100;1623196800;0;84.39
7;100;1605398400;0;139.75
3;300;1653782400;1;263.92
7;100;1646956800;0;133.82
10;200;1654387200;1;81.03
8;100;1619913600;1;95.87
7;100;1631059200;3;329.68
10;100;1596931200;0;226.22
3;200;1594080000;0;607.63
7;100;1619827200;3;759.58
3;100;1660089600;1;472.04
2;100;1578700800;2;561.02
7;300;1645228800;2;161.48
9;200;1640908800;3;897.37
9;100;1580947200;0;960.22
2;100;1647648000;3;140.02
9;200;1663804800;1;398.64
10;300;1646956800;2;885.52
9;200;1645660800;2;829.56
9;300;1628380800;2;706.97
9;200;1658102400;0;274.03
4;100;1591833600;0;488.46
5;200;1609632000;0;793.29
4;200;1634256000;2;456.04
3;100;1603929600;1;466.35
2;300;1600905600;2;598.66
3;100;1622160000;2;952.94
8;100;1583539200;3;829.88
2;100;1583712000;0;885.91
6;200;1595721600;0;221.15
7;300;1585008000;0;36.41
5;100;1645056000;1;407.51
9;200;1629763200;0;546.03
1;100;1631404800;3;171.59
10;100;1606867200;3;389.27
7;100;1636848000;2;668.12
5;300;1640908800;0;885.37
4;100;1609977600;0;101.35
9;300;1580860800;0;631.59
7;200;1626912000;1;783.78
9;300;1617408000;3;138.23
5;300;1643846400;2;86.9
8;300;1589414400;1;868.09
3;100;1600300800;2;260.36
2;100;1660867200;1;279.45
1;200;1635638400;2;96.04
8;100;1598832000;3;609.76
9;300;1593216000;3;628.27
10;100;1630972800;2;279.78
3;200;1634774400;3;820.58
0;100;1627257600;1;512.69
3;300;1624665600;0;359.23
8;200;1645315200;1;785.89
4;100;1579651200;2;839.45
9;200;1604016000;1;333.77
0;200;1613433600;3;673.19
5;200;1581897600;3;417.32
0;200;1640217600;3;973.92
1;300;1629676800;3;940.26
9;300;1663718400;3;341.59
0;100;1655337600;3;65.28
5;200;1606867200;1;469.95
5;300;1631664000;1;85.8
7;200;1651190400;1;770.94
8;300;1617494400;3;758.98
7;300;1656115200;0;712.59
4;300;1583452800;1;296.16
0;100;1612396800;3;450.01
1;300;1611964800;1;697.57
3;300;1603411200;3;320.96
7;300;1660435200;1;671.38
9;100;1613952000;1;509.34
9;200;1629936000;3;241.54
8;300;1581292800;3;627.12
8;200;1588550400;2;340.04
0;300;1642896000;1;361.6
6;200;1593475200;2;717.94
4;200;1590796800;3;568.81
8;100;1624665600;0;249.48
4;200;1632528000;3;319.97
8;300;1621296000;1;128.4
9;100;1659830400;2;583.56
2;300;1582329600;2;959.52
1;100;1651017600;0;649.65
3;300;1644796800;2;447.86
4;300;1605139200;3;610.23
0;300;1664064000;3;32.21
7;100;1583971200;0;743.01
1;300;1602460800;2;174.72
6;100;1624665600;3;63.95
4;300;1589500800;0;708.34
0;200;1629763200;1;680.68
0;300;1606780800;0;45.69
3;100;1628294400;3;205.66
0;300;1663027200;3;496.05
2;300;1627603200;1;567.02
3;300;1588636800;1;240.12
7;200;1618704000;2;791.06
9;100;1584662400;1;202.91
7;300;1579910400;0;259.59
8;200;1659657600;2;557.85
6;200;1626739200;2;571.47
3;300;1659916800;2;518.55
3;300;1647388800;3;820.99
7;200;1645315200;1;733.46
4;200;1601596800;2;941.73
7;100;1645660800;1;908.33
2;200;1629590400;2;823.38
7;300;1635206400;1;578.25
10;100;1664150400;3;781.84
7;200;1635292800;3;630.25
3;200;1595289600;1;118.25
2;100;1626048000;0;296.21
2;100;1651190400;1;881.55
3;200;1600214400;0;926.63
4;300;1636416000;0;856.46
2;100;1586995200;0;276.15
4;100;1633564800;0;575.77
9;100;1579392000;2;755.34
7;300;1608422400;0;36.14
10;300;1601769600;2;168.77
6;100;1612051200;2;910.28
5;300;1631923200;1;522.14
3;200;1633392000;0;931.48
3;100;1621641600;3;526.73
10;300;1632009600;3;710.39
8;100;1610841600;1;883.43
0;200;1658707200;3;409.2
3;100;1610496000;3;443.08
4;100;1581984000;1;311.77
5;100;1626307200;1;514.28
6;300;1591315200;0;639.68
9;300;1607126400;1;192.89
0;200;1620777600;3;6.79
1;100;1580083200;3;484.18
6;300;1642377600;1;53.64
0;100;1636761600;0;351.76
7;100;1656460800;2;132.0
7;100;1603411200;0;805.8
7;100;1627948800;3;783.78
9;100;1629331200;2;268.26
10;100;1584403200;2;976.59
6;200;1662681600;0;653.8
8;100;1642982400;0;326.88
7;100;1598227200;1;333.08
4;100;1601337600;2;454.89
4;200;1642723200;0;571.17
3;200;1642982400;0;666.32
6;100;1597017600;0;692.8
0;100;1597190400;2;915.38
8;100;1598659200;1;947.51
7;200;1599868800;0;750.13
6;100;1647129600;2;822.92
4;100;1653264000;3;544.54
4;100;1644019200;1;115.68
3;100;1629504000;3;167.29
6;300;1594684800;3;821.88
1;100;1596758400;3;853.21
1;300;1622851200;3;286.44
8;200;1628726400;3;414.23
10;100;1601251200;3;400.63
3;200;1649635200;1;137.84
4;300;1597536000;1;745.98
4;200;1651104000;3;855.25
7;200;1608940800;1;941.51
5;200;1596067200;1;82.27
10;100;1653264000;1;126.6
0;200;1597363200;0;238.17
6;300;1659052800;1;769.65
10;200;1597708800;3;363.42
6;300;1610150400;0;125.23
4;100;1628985600;3;715.85
5;300;1638316800;0;115.28
10;200;1647129600;2;116.75
8;200;1660089600;0;361.53
6;100;1648771200;3;958.78
10;200;1600473600;3;889.48
0;100;1663113600;2;588.05
6;300;1654387200;1;626.11
2;100;1583625600;3;74.69
9;100;1611878400;1;188.75
5;300;1614384000;2;892.32
9;300;1629849600;2;907.6
6;100;1596067200;1;50.02
1;300;1629331200;0;910.34
4;100;1602115200;1;957.8
8;200;1639440000;0;955.16
1;100;1615507200;3;642.45
7;200;1648857600;2;204.16
2;200;1616457600;2;14.06
0;100;1604188800;1;88.18
6;300;1592870400;1;969.31
7;200;1647561600;3;910.44
5;200;1651968000;3;558.29
7;100;1581379200;3;505.91
5;100;1639440000;3;580.87
2;300;1662768000;1;24.1
1;100;1579046400;1;898.15
4;200;1614124800;3;842.62
2;100;1663804800;3;426.47
0;300;1629676800;1;534.21
2;300;1652140800;1;762.37
1;300;1632096000;1;91.8
4;200;1633219200;2;931.77
8;100;1639958400;0;924.49
6;100;1660003200;0;198.7
0;300;1627948800;3;345.73
2;300;1617667200;2;700.55
10;100;1654387200;2;190.0
8;100;1601942400;1;83.24
3;300;1656633600;0;453.72
5;200;1664236800;1;670.25
3;300;1586995200;1;657.21
10;200;1656115200;2;836.09
8;100;1656806400;1;57.17
3;200;1656028800;1;448.54
3;200;1631750400;1;908.28
0;200;1609372800;0;528.91
6;300;1584662400;2;718.36
2;300;1602633600;1;492.75
5;300;1647216000;2;526.1
3;100;1615593600;3;447.45
8;300;1600128000;2;350.6
10;200;1615075200;2;680.46
1;300;1607558400;0;380.31
4;100;1663804800;3;628.91
7;200;1620432000;2;306.58
2;200;1626307200;0;744.78
4;300;1660694400;0;410.35
6;100;1658361600;2;972.47
6;200;1638230400;3;641.68
4;100;1622332800;1;685.3
4;300;1580083200;0;138.29
4;100;1609891200;0;547.62
2;100;1613088000;0;295.55
7;200;1605916800;2;731.15
7;300;1625097600;0;196.06
5;100;1618099200;2;415.59
7;100;1656115200;3;181.82
8;100;1589155200;2;70.84
4;100;1657324800;0;262.49
9;200;1628899200;0;604.72
4;300;1617753600;1;51.22
0;200;1597363200;0;651.44
3;300;1600732800;2;106.91
10;200;1628035200;0;980.59
8;200;1583712000;1;991.84
10;100;1614643200;2;247.89
2;100;1614384000;2;115.91
4;300;1578096000;0;631.56
3;100;1640131200;1;734.84
5;200;1636329600;2;935.02
0;100;1632182400;2;764.27
10;200;1604102400;0;492.84
2;200;1602547200;1;915.62
8;200;1629072000;3;861.68
10;200;1601683200;0;662.73
6;200;1582156800;2;464.71
2;300;1586563200;2;726.82
10;300;1648857600;1;350.57
5;300;1611532800;1;599.02
7;200;1588464000;0;737.14
10;100;1612051200;1;147.66
4;100;1663545600;1;412.99
9;300;1633132800;1;941.87
9;100;1611792000;0;788.03
1;200;1655596800;1;789.27
3;200;1640649600;0;901.77
6;100;1662940800;1;560.87
4;100;1662940800;3;523.07
8;200;1584489600;2;418.9
10;100;1602720000;2;597.57
1;100;1631836800;3;940.79
9;200;1661299200;2;61.57
4;100;1584489600;0;201.05
8;300;1596240000;1;647.32
2;200;1629417600;0;95.59
0;100;1624147200;2;296.27
5;100;1608940800;0;427.89
1;100;1612051200;0;311.53
0;100;1639440000;2;231.49
6;300;1630454400;3;419.04
1;300;1659225600;1;46.16
2;200;1616457600;1;641.98
1;300;1646784000;0;495.8
5;100;1656633600;2;144.57
9;300;1612310400;2;188.06
10;100;1647129600;3;693.95
0;200;1624492800;3;643.87
7;200;1643155200;3;563.57
1;200;1621382400;2;517.32
0;300;1652227200;1;347.55
0;100;1609632000;3;190.53
7;100;1653523200;3;722.59
9;300;1591142400;1;193.37
5;200;1649376000;1;327.89
4;200;1654732800;1;501.85
5;300;1644796800;2;575.42
4;200;1640995200;1;716.94
6;200;1591660800;3;318.53
2;200;1611792000;2;800.72
6;300;1606262400;0;303.16
6;100;1600992000;2;517.5
7;300;1590192000;3;699.93
2;100;1644451200;2;867.56
6;100;1610755200;3;304.08
3;100;1599955200;3;989.61
10;100;1651363200;2;836.78
4;200;1638662400;1;382.98
3;100;1578009600;3;390.24
5;100;1579478400;3;5.43
6;100;1598918400;2;441.81
10;300;1644969600;1;662.89
7;200;1604966400;2;66.28
6;100;1651708800;2;778.52
8;300;1646870400;1;435.2
3;100;1617321600;1;704.19
4;300;1597795200;2;941.76
10;100;1612915200;2;434.55
9;100;1621728000;1;78.27
3;100;1635724800;1;256.04
5;100;1581465600;0;984.05
7;200;1648598400;0;200.57
2;300;1606953600;3;515.57
2;300;1603843200;1;178.57
7;100;1582588800;1;649.73
7;100;1621555200;1;553.13
10;300;1581465600;2;10.44
9;300;1657670400;0;975.41
2;300;1648512000;3;723.61
10;300;1618185600;1;224.33
1;200;1620432000;2;750.43
3;200;1621296000;3;622.77
7;100;1655769600;2;885.15
3;300;1599264000;3;548.24
9;200;1592092800;0;566.64
5;200;1584576000;0;166.35
6;100;1590278400;0;234.37
0;200;1627344000;1;770.56
2;100;1636329600;3;523.82
3;100;1659225600;3;275.46
6;100;1652918400;2;666.81
10;200;1654387200;1;240.46
2;200;1590624000;2;303.89
8;200;1640649600;2;720.9
6;200;1584835200;0;346.16
7;200;1593820800;0;413.29
6;200;1605052800;1;208.79
1;100;1654473600;2;104.86
5;300;1621123200;2;377.33
9;200;1582502400;3;224.17
7;100;1643846400;1;373.06
6;100;1582588800;3;315.58
2;200;1641427200;0;968.37
5;100;1604016000;2;935.44
4;100;1583366400;2;563.2
1;300;1645228800;3;781.71
9;200;1589846400;3;951.72
1;300;1621296000;1;398.5
7;100;1614470400;2;450.16
7;100;1591660800;0;126.16
4;100;1582934400;1;138.74
0;200;1581984000;0;989.73
2;200;1652054400;0;452.28
7;300;1600387200;1;429.79
6;200;1644192000;0;993.56
3;300;1649289600;2;411.32
3;200;1661817600;3;338.04
6;300;1622851200;2;708.31
1;300;1626048000;1;490.37
3;300;1656547200;0;261.21
2;200;1642636800;3;240.63
4;200;1660867200;3;188.81
8;100;1606089600;3;35.87
5;100;1620950400;0;425.3
6;200;1663545600;2;19.51
4;300;1661558400;0;739.94
1;100;1647043200;2;24.03
5;300;1578700800;2;650.01
0;300;1656288000;3;993.81
7;200;1602201600;2;782.38
10;100;1590192000;3;398.59
0;100;1659657600;2;88.86
4;200;1587427200;2;724.67
10;100;1645833600;1;378.5
0;200;1605571200;2;57.0
3;300;1580256000;2;778.88
3;200;1606262400;1;418.05
9;300;1606953600;1;0.48
2;200;1611792000;2;399.5
10;200;1658880000;2;525.76
4;200;1579219200;3;758.17
10;300;1583193600;2;492.71
4;200;1655078400;3;816.07
8;300;1613001600;3;182.99
2;100;1643932800;1;196.68
5;200;1657411200;2;482.9
1;200;1604361600;3;369.42
4;200;1613260800;1;325.53
7;300;1636675200;2;952.3
8;300;1636934400;0;791.81
8;100;1593993600;3;874.53
3;300;1587427200;3;436.67
0;100;1649721600;0;645.11
1;200;1658966400;1;109.64
6;100;1654387200;1;472.08
4;200;1648512000;3;876.47
0;100;1588204800;3;399.2
10;300;1660348800;0;529.16
5;100;1658448000;3;947.73
7;100;1636848000;2;317.46
3;200;1645142400;2;284.06
9;300;1659052800;3;526.44
4;300;1611014400;2;715.77
0;100;1586217600;2;106.75
1;100;1645574400;0;414.96
4;200;1611619200;2;723.99
4;100;1650585600;3;56.85
7;300;1606521600;3;819.49
0;200;1602720000;0;778.64
2;300;1643500800;3;901.24
5;300;1643846400;0;589.58
4;100;1625961600;1;294.3
10;300;1604361600;2;21.9
3;100;1590710400;1;723.32
8;300;1644278400;0;972.01
1;100;1591401600;0;856.53
2;300;1609977600;1;936.66
0;300;1641254400;0;474.74
5;100;1647302400;2;945.21
6;200;1586995200;1;719.8
10;100;1625529600;3;83.3
1;300;1660694400;2;348.71
7;200;1657065600;0;784.35
0;100;1606953600;2;512.27
3;100;1627603200;3;779.81
1;100;1655510400;3;410.56
7;300;1609804800;1;339.79
5;200;1644451200;3;350.34
8;300;1604534400;0;241.21
1;300;1594684800;3;470.87
0;200;1649894400;1;628.88
4;200;1605484800;1;695.76
5;200;1633305600;2;863.77
8;100;1636243200;2;203.37
7;200;1620432000;1;9.35
8;300;1602720000;1;557.02
10;300;1616630400;1;350.08
4;300;1620345600;3;204.42
3;300;1631404800;1;989.1
6;300;1586131200;1;888.09
8;100;1615334400;0;44.2
5;200;1617148800;0;699.79
3;200;1588982400;0;734.01
0;300;1640304000;0;619.93
7;100;1626480000;2;561.31
4;200;1653696000;1;498.96
4;300;1611273600;0;690.34
1;200;1659744000;1;691.61
6;200;1637193600;1;924.31
9;200;1626048000;3;194.79
6;200;1605139200;3;79.88
9;100;1642896000;1;152.14
7;300;1659830400;2;689.21
0;200;1611446400;1;652.46
3;300;1607817600;1;207.76
10;100;1624060800;3;108.69
7;100;1596499200;1;990.56
8;200;1651190400;0;533.19
9;300;1629504000;0;540.43
0;100;1643932800;2;383.05
10;200;1634515200;3;563.47
6;100;1660953600;2;837.42
9;100;1612137600;2;375.1
2;300;1662422400;3;21.89
6;200;1614470400;0;423.65
7;300;1623542400;1;52.3
10;200;1657843200;1;428.02
6;100;1624924800;1;58.0
5;300;1625270400;2;563.91
0;300;1635724800;2;403.09
4;300;1595548800;3;93.41
2;100;1625788800;2;522.34
5;100;1587686400;1;37.28
7;300;1660694400;1;774.92
10;100;1625097600;0;956.78
10;300;1599177600;0;15.71
9;100;1659139200;0;260.28
3;100;1660953600;0;601.39
1;100;1609113600;1;831.17
2;100;1588896000;0;967.73
5;200;1631664000;2;223.73
4;100;1616889600;0;74.62
3;300;1639785600;0;916.17
10;200;1661299200;1;669.18
5;200;1660176000;2;685.32
6;200;1628553600;0;638.69
2;300;1598400000;1;833.69
1;100;1644451200;1;988.79
4;100;1663459200;1;255.4
9;100;1655424000;3;835.08
0;200;1596326400;3;127.98
8;200;1581206400;3;740.95
4;200;1594339200;3;530.95
1;200;1607558400;1;173.94
8;200;1590451200;3;999.78
7;300;1600128000;3;753.18
0;200;1637971200;2;225.88
8;100;1654819200;2;114.55
7;300;1649462400;2;290.93
4;200;1637712000;1;250.73
8;100;1650067200;3;166.84
9;300;1608940800;3;583.71
9;100;1633305600;3;449.32
2;100;1625529600;3;820.68
9;200;1603238400;2;550.5
7;200;1597968000;2;761.96
8;300;1662336000;1;538.87
7;300;1656979200;0;866.36
6;200;1635638400;3;625.25
3;300;1625616000;0;992.97
4;300;1578268800;0;798.93
8;200;1608681600;1;135.3
6;300;1579132800;2;513.84
3;100;1617667200;3;12.07
1;100;1651104000;2;845.21
10;300;1650499200;0;267.31
2;200;1590278400;3;172.43
10;300;1657843200;1;967.34
8;200;1595030400;3;393.55
8;300;1640908800;1;589.24
4;200;1592524800;3;176.48
1;200;1660262400;3;587.4
7;200;1592352000;0;39.01
6;300;1607472000;2;551.57
1;300;1663459200;1;828.15
10;300;1583366400;0;310.29
0;200;1631577600;3;272.36
3;100;1601337600;0;111.97
7;300;1578700800;2;722.27
4;300;1662768000;1;373.16
4;300;1661212800;3;215.32
2;200;1592697600;2;496.05
4;200;1634688000;2;951.09
2;200;1656720000;3;884.01
3;300;1642118400;1;956.57
5;300;1651017600;1;939.41
8;100;1663718400;3;792.67
3;300;1627603200;3;519.25
9;300;1612224000;1;101.51
2;100;1616371200;1;310.81
7;100;1620172800;1;581.61
9;300;1631145600;3;986.79
2;200;1645747200;2;955.66
9;100;1626998400;3;125.9
7;300;1639353600;2;408.21
10;100;1620604800;0;947.15
9;100;1592870400;3;642.56
0;200;1655164800;3;12.49
10;200;1597968000;0;738.48
0;200;1640304000;0;895.61
6;100;1596672000;0;877.89
1;300;1628726400;3;27.51
2;100;1581120000;3;964.27
4;300;1632614400;2;484.92
6;100;1632268800;1;647.13
8;300;1586649600;2;297.27
5;200;1660435200;2;97.41
1;300;1641686400;2;682.25
7;100;1621296000;2;985.0
8;300;1655769600;2;43.05
5;100;1661558400;2;953.13
9;200;1625443200;1;35.27
3;200;1637971200;1;703.98
8;300;1618876800;0;513.65
9;200;1663632000;2;263.63
2;300;1624060800;0;913.48
0;200;1650844800;0;632.09
2;100;1624320000;3;492.39
2;100;1635292800;3;466.12
0;100;1652918400;0;99.37
10;200;1653177600;1;901.27
3;200;1582329600;3;680.7
1;200;1589241600;1;443.89
8;300;1603497600;1;269.63
7;100;1642809600;0;141.53
6;100;1625356800;2;149.52
2;200;1648166400;1;744.96
1;200;1604102400;2;945.96
1;100;1579996800;1;107.02
10;300;1614297600;3;167.32
1;200;1599436800;2;485.61
4;200;1603756800;2;425.47
3;100;1615161600;3;474.1
6;200;1580256000;3;639.09
1;100;1600214400;3;655.58
1;100;1592179200;0;52.09
0;200;1629417600;3;585.63
3;200;1597968000;0;179.54
8;300;1652745600;0;358.68
9;100;1602460800;2;176.61
1;100;1628553600;2;643.4
0;200;1628035200;3;112.53
1;200;1623888000;1;710.76
4;300;1640131200;1;597.05
8;200;1646265600;3;141.94
8;100;1578182400;2;63.87
5;300;1636070400;1;367.41
2;100;1603756800;0;620.29
4;200;1600905600;1;720.42
0;100;1586131200;3;723.75
0;100;1608508800;0;51.34
8;100;1610668800;3;35.13
8;200;1646179200;2;881.41
10;100;1588809600;1;297.67
9;300;1601337600;0;500.21
7;100;1593993600;3;166.66
7;200;1628640000;1;479.01
10;300;1606003200;3;560.51
8;100;1664236800;3;155.48
7;200;1653436800;2;811.58
10;200;1650844800;3;977.21
3;300;1635897600;0;790.47
5;300;1593475200;1;415.37
0;300;1603670400;0;836.85
8;100;1593475200;1;864.92
9;200;1614384000;1;624.58
1;300;1633910400;2;189.51
3;300;1621728000;1;332.47
5;300;1654732800;2;100.29
2;100;1664150400;2;926.31
4;200;1631923200;1;260.29
1;300;1610323200;0;21.63
0;100;1588204800;2;53.85
9;100;1641513600;2;313.29
7;300;1649635200;2;188.15
4;200;1645228800;2;14.73
7;200;1600214400;2;21.74
5;200;1591488000;2;460.75
2;200;1649116800;3;611.91
9;100;1601596800;1;233.73
3;100;1596844800;2;551.19
2;200;1579392000;2;574.46
5;300;1646352000;3;432.48
7;100;1593820800;0;799.2
10;100;1599004800;1;599.01
1;300;1594684800;2;619.14
4;200;1616889600;1;518.12
2;300;1645488000;1;464.4
2;100;1591228800;0;346.71
10;200;1662595200;0;750.36
4;300;1641686400;3;860.83
4;200;1617753600;1;833.31
9;300;1586995200;2;321.07
2;100;1627603200;1;915.41
5;100;1652400000;0;125.27
6;200;1628208000;3;375.15
9;300;1636588800;3;412.96
5;300;1583798400;2;313.68
0;300;1613001600;2;210.54
10;100;1610928000;1;688.36
0;100;1599782400;1;950.12
2;200;1617840000;1;772.15
8;100;1591401600;0;108.95
6;200;1650067200;3;508.7
6;200;1596412800;2;996.74
8;200;1647648000;0;466.82
3;100;1654300800;2;284.88
6;200;1649894400;1;80.36
2;100;1625270400;0;50.83
6;300;1598313600;0;468.53
9;200;1621036800;0;606.17
8;300;1603324800;2;29.87
9;100;1616025600;2;347.57
2;300;1598054400;0;90.09
6;300;1651276800;2;196.16
3;300;1620172800;0;480.73
9;100;1649462400;0;178.43
1;100;1642809600;1;142.51
6;300;1618876800;1;630.65
9;100;1639526400;2;152.09
5;100;1602028800;2;226.15
2;200;1617408000;0;803.6
0;100;1624665600;3;264.39
0;200;1628035200;3;260.97
8;100;1580515200;3;958.03
9;300;1611187200;3;199.38
5;200;1646438400;0;288.16
5;300;1652054400;1;570.53
10;100;1657152000;1;421.88
3;100;1618185600;1;548.22
4;200;1661472000;2;542.02
3;300;1593734400;1;320.87
4;100;1642550400;0;884.06
9;200;1588723200;1;805.48
1;300;1610928000;0;368.19
5;200;1636848000;2;122.76
4;200;1642032000;1;571.29
7;100;1612915200;1;981.55
1;200;1640390400;2;532.43
6;100;1612483200;1;415.8
2;100;1662508800;0;821.93
10;100;1658448000;1;177.72
7;100;1661558400;0;824.75
9;100;1646352000;2;100.48
7;100;1604793600;3;743.31
7;100;1579305600;1;524.14
7;100;1654646400;3;880.97
6;100;1606867200;3;395.53
5;200;1649808000;1;579.58
1;100;1663977600;1;314.64
9;300;1582848000;0;337.32
5;300;1650931200;1;474.4
5;200;1633651200;1;453.5
1;200;1657584000;2;244.22
6;100;1644796800;0;801.04
9;100;1605225600;2;85.72
10;100;1614643200;3;602.48
8;300;1661126400;1;156.38
9;300;1648771200;3;876.54
2;200;1646524800;0;259.22
7;100;1601424000;1;698.82
2;100;1664236800;1;580.65
4;100;1581984000;0;984.35
1;300;1585958400;3;387.43
5;200;1636934400;0;191.26
3;200;1610323200;3;225.93
2;200;1628208000;1;98.15
10;300;1630281600;2;318.27
5;300;1644796800;1;199.45
5;100;1591488000;1;977.51
7;300;1638403200;0;249.56
8;300;1606003200;3;203.81
5;100;1649030400;3;938.58
4;100;1633219200;1;122.87
2;200;1638576000;2;970.55
6;200;1634428800;2;584.32
8;200;1622073600;0;124.96
1;200;1646524800;2;818.02
8;200;1620086400;0;559.88
5;100;1657411200;2;356.31
6;200;1654041600;1;248.18
9;200;1630108800;3;958.29
1;200;1620000000;1;890.45
0;200;1594252800;0;31.15
3;100;1622419200;2;79.38
4;100;1652227200;1;122.54
6;300;1610841600;3;412.37
10;200;1632614400;3;451.37
1;300;1657843200;3;311.7
9;100;1646611200;0;845.37
7;200;1613174400;3;282.06
0;200;1592265600;1;905.93
7;100;1638403200;0;318.94
7;300;1583625600;2;13.42
7;300;1653350400;0;475.26
10;300;1628121600;0;708.82
6;300;1658361600;0;97.02
6;200;1607299200;0;675.39
8;200;1602633600;3;412.95
4;100;1605139200;2;387.95
2;300;1648598400;0;802.23
3;300;1643414400;1;979.37
4;300;1608163200;1;534.19
8;300;1610582400;1;159.95
5;100;1622678400;1;967.53
0;200;1629244800;0;764.99
0;300;1657670400;2;590.64
1;200;1602201600;3;192.56
10;100;1629849600;1;151.07
10;200;1643587200;3;392.73
10;200;1642723200;2;289.16
5;300;1640736000;1;177.43
0;100;1659830400;2;459.51
9;200;1586304000;1;705.03
3;200;1624838400;0;425.18
10;300;1586908800;3;497.05
5;200;1590969600;2;686.36
9;200;1594166400;3;969.26
2;200;1622678400;0;102.92
6;300;1648857600;0;774.13
5;200;1625011200;3;720.78
9;100;1642464000;3;282.51
1;200;1638057600;2;858.17
6;300;1589587200;0;33.65
5;100;1581984000;1;622.0
4;200;1632009600;3;218.86
10;100;1636243200;2;64.24
6;300;1634688000;2;149.79
5;100;1635465600;1;142.96
6;200;1632700800;0;601.35
1;100;1623974400;1;247.13
2;200;1658102400;1;465.56
10;100;1654819200;1;350.27
10;100;1607558400;3;523.96
0;200;1635292800;0;56.76
4;100;1622246400;2;796.91
9;300;1638662400;1;124.12
2;100;1592438400;3;283.92
3;200;1594598400;0;367.57
0;300;1635033600;3;203.91
3;300;1599523200;0;192.42
10;200;1585785600;1;505.85
8;100;1631577600;3;844.46
9;300;1659312000;3;850.88
4;200;1612483200;1;759.98
8;300;1609718400;1;302.97
10;200;1598400000;3;171.51
7;200;1607126400;3;246.49
1;100;1663113600;1;959.21
1;200;1587168000;3;346.21
0;300;1651968000;2;710.74
0;300;1655942400;0;394.78
10;300;1643155200;3;297.62
0;300;1614988800;3;208.32
2;300;1580774400;0;721.91
9;100;1583798400;0;293.55
2;300;1636156800;0;547.28
9;200;1645574400;3;471.59
2;300;1620172800;0;640.0
2;100;1584662400;2;648.79
2;300;1587945600;1;794.05
6;300;1603152000;2;764.7
4;100;1589846400;1;744.55
5;100;1609200000;0;869.89
5;200;1632268800;2;67.56
10;200;1619654400;1;142.54
10;200;1643760000;2;602.59
10;200;1630368000;0;647.57
0;100;1593561600;2;477.55
0;300;1643241600;2;574.76
3;300;1621987200;3;898.91
4;300;1579824000;3;382.15
4;100;1582761600;1;569.41
3;200;1646870400;3;152.96
9;100;1639353600;2;332.73
1;300;1606262400;2;523.41
5;200;1581465600;1;689.94
7;200;1606176000;1;561.94
8;100;1639180800;3;494.29
9;300;1662508800;2;646.04
10;200;1591574400;0;768.34
4;200;1663113600;0;203.58
4;300;1644624000;3;549.05
9;100;1593993600;1;571.33
3;100;1632182400;2;835.19
3;100;1659052800;0;451.94
0;300;1650153600;0;900.55
10;100;1636416000;0;970.46
10;100;1650499200;1;23.97
5;300;1620691200;2;537.74
0;300;1601424000;3;632.93
7;300;1628812800;2;117.61
4;100;1593993600;3;878.47
4;200;1599868800;3;310.68
1;300;1633392000;1;454.21
6;200;1591660800;3;518.94
3;100;1620604800;1;287.78
2;100;1648252800;2;109.52
8;300;1601596800;0;700.68
6;100;1612051200;3;164.49
10;300;1651708800;0;704.31
10;200;1615161600;1;491.52
6;300;1597363200;2;525.06
4;300;1659830400;0;523.2
8;300;1591660800;2;269.46
8;200;1660003200;0;597.93
6;100;1577836800;2;122.55
0;100;1634947200;1;731.05
3;200;1622678400;2;39.95
6;100;1663372800;3;655.26
5;300;1602201600;1;755.51
7;100;1602547200;1;642.52
3;100;1658361600;3;720.91
10;300;1639785600;1;206.31
4;200;1587945600;0;600.48
8;200;1616630400;3;478.48
8;200;1615075200;3;351.48
0;200;1652227200;0;947.96
6;100;1582588800;1;892.58
6;200;1586304000;1;370.51
1;300;1659744000;0;113.3
7;200;1583971200;3;792.18
10;200;1605830400;1;195.42
0;300;1623456000;0;949.51
1;300;1620345600;3;513.45
2;200;1656547200;3;125.95
6;200;1614902400;1;707.69
4;300;1601856000;1;177.92
8;300;1612310400;3;630.43
8;300;1602720000;1;474.91
7;200;1660694400;3;97.84
8;300;1580428800;2;311.61
6;100;1623888000;1;91.16
1;300;1622073600;2;227.18
10;100;1605398400;3;969.1
8;100;1622764800;0;93.14
8;100;1660521600;1;630.06
10;100;1660780800;2;536.13
10;200;1586736000;0;104.79
8;200;1643414400;0;365.71
2;200;1621209600;0;189.81
8;100;1645833600;0;205.54
8;200;1658534400;1;345.94
7;200;1618272000;1;821.35
7;100;1587859200;3;355.06
3;300;1623456000;3;955.27
0;200;1581984000;3;903.24
9;100;1599782400;1;693.47
10;300;1653782400;2;571.73
3;100;1606953600;0;907.87
3;100;1660003200;2;477.62
6;200;1603929600;3;240.54
6;100;1657584000;1;874.77
7;300;1655856000;0;214.78
3;100;1615507200;2;534.32
0;200;1595721600;0;358.87
7;100;1655251200;3;877.29
3;300;1650931200;1;291.17
7;200;1649116800;1;678.56
4;200;1627257600;1;951.93
7;300;1625875200;1;737.38
6;200;1652140800;0;95.73
10;200;1589587200;1;557.36
5;200;1585526400;3;126.09
2;100;1586649600;2;153.72
0;300;1629072000;3;645.05
2;100;1585785600;0;961.99
9;100;1620864000;1;968.38
0;300;1581984000;2;911.35
2;200;1596931200;0;735.78
7;200;1662422400;0;907.92
3;200;1613260800;2;239.56
1;200;1615852800;1;164.99
0;200;1623110400;2;236.54
8;100;1602892800;2;688.25
2;100;1594512000;2;592.71
7;200;1612656000;3;347.99
9;200;1660867200;0;933.99
8;300;1596499200;0;58.79
4;300;1635638400;0;923.68
10;200;1588377600;3;263.91
6;300;1638144000;3;556.04
0;300;1649721600;0;717.66
4;100;1595203200;2;676.82
10;100;1618876800;1;420.89
9;100;1609200000;0;563.15
5;300;1660867200;3;998.04
8;300;1603324800;2;332.77
1;100;1657152000;0;756.38
10;200;1579392000;1;910.15
7;200;1652745600;3;68.81
4;200;1635033600;2;868.44
4;200;1607040000;3;690.9
1;100;1641427200;0;560.2
6;200;1626652800;0;7.79
3;300;1589932800;0;414.76
6;300;1611619200;2;673.1
0;300;1595548800;3;389.04
7;300;1606694400;0;576.44
8;300;1649980800;2;171.02
1;200;1643500800;3;586.44
10;100;1657497600;0;623.85
7;200;1606089600;2;533.74
0;100;1642982400;1;424.01
0;300;1627776000;1;901.66
5;300;1633564800;0;26.06
2;300;1579996800;0;759.55
9;300;1629158400;0;610.59
2;200;1630195200;3;67.58
3;200;1599696000;1;583.73
7;200;1644019200;0;104.11
9;200;1605484800;1;910.54
3;200;1638921600;1;535.16
1;300;1646956800;1;869.62
2;100;1631491200;2;684.4
5;100;1657324800;2;332.7
6;200;1597104000;3;988.56
2;100;1618099200;3;643.73
4;200;1620691200;1;723.48
4;300;1658966400;2;827.03
2;300;1624579200;0;129.32
8;300;1598486400;2;899.11
1;200;1658880000;2;505.99
10;100;1631059200;0;595.39
1;200;1612915200;3;14.71
0;300;1604966400;1;3.41
6;300;1630713600;2;365.05
8;200;1654819200;3;403.57
1;100;1587945600;2;433.23
5;100;1621382400;0;164.13
9;300;1610496000;3;609.11
6;100;1657065600;3;102.77
6;200;1614556800;3;899.85
6;200;1623542400;1;516.19
0;200;1655164800;1;138.58
2;200;1615766400;1;856.43
6;100;1607472000;3;454.92
6;100;1604102400;2;30.19
9;100;1582070400;3;484.23
8;200;1581292800;0;772.54
3;200;1639526400;0;265.68
9;300;1651363200;3;374.1
0;300;1646179200;3;446.53
0;200;1645488000;1;416.17
10;100;1630713600;0;609.03
7;200;1663804800;0;1.76
1;300;1659916800;1;583.47
7;300;1630195200;0;515.45
6;200;1599264000;3;848.13
7;200;1597622400;2;514.57
10;200;1617062400;3;964.85
0;200;1642896000;3;449.11
8;100;1663459200;1;986.88
10;200;1639785600;3;945.08
1;100;1599091200;0;798.79
9;200;1635292800;0;655.63
8;100;1656547200;0;799.98
8;100;1643673600;1;541.8
2;300;1609459200;3;725.73
3;300;1587081600;2;389.45
3;100;1663804800;0;205.73
2;300;1607385600;2;884.97
5;100;1652227200;1;666.17
7;300;1632873600;1;99.18
4;300;1629763200;2;981.87
1;300;1658016000;1;550.91
2;100;1633564800;2;774.28
9;200;1607385600;3;622.8
5;300;1624838400;2;575.81
10;200;1646006400;0;376.49
3;300;1646956800;2;551.74
6;200;1651190400;1;70.25
8;100;1632441600;0;81.34
6;100;1605312000;3;309.8
7;300;1621123200;2;445.91
7;300;1617840000;1;588.64
10;200;1658448000;3;532.4
10;200;1609286400;2;444.44
8;300;1612051200;1;451.22
7;100;1652400000;2;989.24
0;100;1639008000;0;673.06
10;300;1579046400;0;507.78
5;300;1657584000;1;455.29
6;200;1628035200;2;583.63
5;200;1629244800;0;655.43
10;200;1635638400;1;386.11
5;300;1583539200;2;26.01
7;300;1654387200;3;739.59
6;100;1658620800;2;557.4
9;100;1595894400;0;450.02
1;100;1636416000;1;985.45
9;100;1654560000;3;131.77
6;300;1631923200;3;675.14
7;100;1581811200;2;429.73
3;100;1623974400;1;768.07
2;300;1598486400;1;518.39
5;100;1583366400;0;786.53
9;200;1646006400;2;227.1
8;200;1608163200;3;759.29
7;200;1633651200;1;528.99
7;200;1647907200;0;447.41
7;100;1657411200;1;406.18
9;300;1622937600;0;432.06
2;100;1615852800;3;10.9
8;100;1585699200;0;599.67
3;200;1612051200;1;443.18
1;300;1620086400;1;18.34
0;200;1615680000;1;665.07
5;300;1615075200;3;332.77
0;300;1603497600;0;300.39
0;100;1586563200;1;441.67
5;300;1644451200;1;876.86
7;300;1657497600;3;975.08
10;300;1619136000;2;235.76
7;100;1662508800;0;552.0
6;200;1581897600;2;300.99
8;100;1630886400;0;26.32
10;200;1580256000;2;351.01
7;200;1589241600;0;553.92
5;100;1629504000;2;249.63
2;200;1644192000;3;752.64
8;300;1601164800;1;159.42
6;200;1632873600;1;387.91
1;200;1658448000;0;525.21
1;200;1589155200;1;568.53
8;300;1636934400;3;4.05
8;200;1610755200;0;402.71
8;200;1660608000;2;119.77
2;300;1598918400;1;313.63
0;100;1638403200;2;793.01
3;300;1622246400;2;81.48
1;200;1634774400;3;237.86
1;100;1582416000;0;597.34
3;300;1591228800;1;524.64
7;200;1603929600;1;809.13
5;100;1615766400;1;481.05
3;300;1645574400;1;830.94
9;200;1636675200;1;166.66
5;200;1596931200;2;605.58
5;200;1651276800;3;781.71
9;200;1657670400;2;436.57
0;200;1646784000;2;568.92
0;200;1607558400;2;116.73
6;300;1634688000;2;973.47
4;100;1581724800;3;742.1
6;100;1654041600;1;87.59
9;200;1658448000;1;994.0
10;200;1614816000;2;803.08
6;100;1604016000;1;973.64
6;100;1652572800;1;608.32
10;200;1606521600;1;233.09
1;300;1583193600;1;471.42
1;100;1615420800;1;522.7
4;100;1606867200;3;881.67
3;300;1600300800;1;575.65
0;300;1630713600;2;818.21
6;100;1656979200;3;936.23
7;100;1598832000;3;493.45
1;100;1606262400;3;383.35
1;200;1654214400;2;138.01
2;100;1649289600;3;67.07
10;300;1593129600;3;911.58
7;200;1654128000;3;406.84
5;300;1631232000;3;552.8
9;100;1638662400;3;710.9
2;100;1597968000;1;142.59
5;300;1594684800;0;783.26
7;200;1653264000;0;973.97
4;100;1614470400;2;494.19
2;300;1595635200;2;188.55
7;200;1592352000;3;958.12
10;300;1658793600;2;226.71
0;200;1660003200;2;756.06
8;100;1662508800;3;486.08
1;300;1648425600;3;487.21
1;100;1637712000;2;193.05
0;300;1631404800;2;84.32
6;300;1609200000;0;51.82
4;300;1584403200;3;221.62
4;200;1629244800;0;962.49
3;100;1595116800;1;664.17
3;200;1579564800;2;529.83
6;300;1622073600;1;137.05
10;300;1600473600;1;248.74
9;100;1611273600;0;42.32
5;100;1609977600;0;618.03
7;100;1616803200;3;514.93
2;300;1663113600;0;185.63
0;300;1639785600;1;856.13
8;100;1661644800;3;634.3
2;100;1606867200;0;788.33
3;200;1601078400;1;249.41
1;300;1661126400;3;946.02
3;200;1661990400;1;461.77
3;300;1599609600;3;235.12
1;300;1599696000;2;831.93
9;100;1618531200;3;312.66
3;300;1629590400;3;206.81
6;100;1584230400;0;8.43
1;100;1660694400;3;847.54
9;300;1591142400;2;741.76
5;200;1643241600;1;17.65
2;200;1588291200;1;263.12
0;300;1627603200;2;371.77
4;200;1587686400;2;586.32
0;200;1652400000;0;171.38
10;100;1593388800;0;446.71
0;100;1582934400;1;861.53
3;100;1594771200;1;105.12
9;200;1593043200;0;162.16
6;200;1642896000;3;852.1
5;100;1654819200;1;753.64
7;300;1631404800;3;441.01
0;100;1586044800;0;661.11
0;200;1657670400;3;618.6
5;200;1598313600;3;162.7
0;100;1658361600;0;688.46
6;200;1651968000;0;24.48
8;300;1648857600;2;864.92
7;100;1659657600;3;624.01
5;100;1582156800;3;515.42
0;300;1584576000;0;128.98
7;300;1605139200;1;345.47
8;200;1656720000;1;319.12
4;200;1656288000;1;686.17
4;300;1639699200;2;339.5
5;200;1650240000;0;996.86
2;100;1623369600;0;287.19
8;100;1639699200;0;585.49
1;200;1604534400;2;884.67
6;100;1606262400;0;506.44
4;200;1614038400;3;605.72
4;300;1602028800;2;252.68
10;100;1578355200;0;395.02
10;200;1589846400;2;108.49
5;300;1585612800;3;48.86
0;200;1653868800;1;949.87
6;200;1619654400;3;788.13
7;300;1616976000;0;849.31
5;100;1615680000;1;795.77
3;300;1616889600;3;925.39
2;300;1623456000;1;459.76
4;200;1653091200;1;805.01
2;100;1653177600;2;325.98
9;300;1582675200;0;65.7
2;100;1632441600;1;400.36
7;100;1600732800;1;301.47
4;300;1661817600;0;868.93
8;300;1588636800;3;823.53
7;200;1620000000;0;523.9
7;200;1621728000;3;27.94
8;300;1578096000;1;693.98
10;200;1586390400;0;651.46
0;300;1585094400;2;921.55
2;300;1590192000;2;648.55
1;100;1637712000;1;511.96
6;100;1600041600;1;315.64
0;300;1611100800;0;485.21
4;100;1636588800;1;656.77
9;100;1645142400;1;268.55
8;200;1653091200;3;704.5
9;200;1640995200;0;223.84
3;200;1595289600;3;434.26
5;200;1579737600;2;19.2
10;200;1591920000;1;110.08
8;100;1589328000;3;939.88
7;200;1595980800;3;777.05
6;300;1646092800;3;357.44
1;300;1585699200;1;568.64
8;200;1661385600;3;394.18
6;100;1642464000;1;602.58
7;300;1631750400;0;765.15
9;300;1652313600;1;476.48
2;100;1663632000;0;8.07
9;200;1664236800;2;122.3
3;300;1608422400;2;123.75
3;100;1638489600;2;209.44
7;300;1619049600;3;488.75
6;300;1603152000;0;325.32
5;300;1602288000;3;191.03
7;100;1604016000;3;193.72
5;100;1623283200;0;107.57
9;200;1616457600;1;716.16
10;200;1650585600;2;711.48
6;100;1605744000;0;877.04
5;100;1584144000;1;196.85
2;200;1590105600;0;883.13
5;300;1647129600;3;434.37
7;100;1604880000;2;706.25
9;100;1651363200;3;698.73
5;300;1632096000;3;122.27
4;100;1640649600;3;105.74
9;300;1635811200;1;771.04
0;100;1630972800;0;607.48
6;200;1589673600;3;681.22
4;100;1592611200;1;922.66
7;300;1650240000;3;230.28
4;300;1603929600;0;846.37
3;200;1603411200;2;708.75
10;100;1633737600;0;115.48
4;200;1640995200;3;941.47
4;100;1591660800;2;539.43
6;100;1621900800;1;751.55
2;300;1591920000;3;487.54
5;200;1600905600;3;331.06
6;100;1646784000;2;874.58
1;200;1590624000;1;717.04
9;200;1615939200;0;564.21
5;200;1657238400;1;926.36
2;300;1585180800;3;206.6
7;300;1648512000;2;859.46
2;100;1652918400;3;574.87
2;300;1626307200;0;529.23
10;100;1615507200;3;989.54
6;300;1604880000;2;723.88
2;100;1628035200;1;370.86
10;100;1588464000;0;35.41
0;200;1598832000;3;997.02
0;300;1617580800;3;107.41
9;200;1625184000;0;842.76
8;200;1607558400;2;427.26
5;100;1617667200;2;626.29
4;300;1651276800;0;966.85
6;100;1623542400;0;654.16
4;200;1645315200;0;534.76
10;100;1647475200;3;933.5
4;100;1612569600;2;744.91
3;300;1646092800;0;86.91
4;100;1593648000;3;274.91
7;300;1629331200;0;393.74
9;200;1593129600;3;278.46
10;200;1595116800;2;417.16
3;100;1654560000;2;11.46
2;100;1613952000;1;135.11
7;300;1663632000;1;961.21
10;100;1617062400;1;353.57
4;300;1598054400;1;116.22
8;100;1643760000;3;846.02
3;100;1644624000;0;642.32
7;100;1640217600;0;160.87
2;100;1600041600;0;57.26
1;300;1625702400;0;7.39
5;100;1578873600;2;487.14
7;100;1625011200;0;970.21
0;300;1659225600;0;784.63
3;100;1660089600;3;488.47
1;100;1644364800;0;678.93
9;200;1596240000;3;84.91
7;300;1639353600;2;450.78
1;200;1620518400;0;465.4
6;300;1581811200;2;241.36
8;100;1645833600;0;725.72
6;200;1633046400;0;246.44
10;300;1623369600;0;77.45
9;300;1600905600;2;161.73
5;200;1650585600;2;424.03
5;300;1635465600;0;685.27
9;200;1633219200;3;692.33
9;300;1598313600;2;32.85
10;200;1592438400;2;793.07
4;100;1603756800;1;971.83
1;200;1603152000;3;787.15
7;200;1653091200;2;35.02
3;100;1641168000;0;982.6
7;300;1645833600;0;682.07
4;100;1661299200;1;243.78
8;100;1637798400;0;628.62
1;200;1592611200;1;400.13
5;200;1657584000;1;822.94
3;100;1578960000;2;669.3
0;200;1650067200;0;507.79
2;200;1601164800;3;79.13
5;200;1646438400;2;884.36
10;200;1606953600;1;31.59
10;100;1648857600;2;220.28
9;100;1660608000;3;510.26
2;300;1600819200;3;438.86
3;100;1593734400;1;964.19
10;200;1644451200;3;652.23
0;300;1654300800;0;901.95
10;300;1653264000;1;802.06
9;100;1579651200;2;637.76
2;100;1626739200;1;127.86
0;300;1616371200;2;808.95
8;100;1655596800;3;599.04
0;100;1623542400;3;93.6
3;200;1617321600;3;739.7
6;300;1595116800;0;539.14
6;200;1596412800;0;863.94
4;200;1590192000;3;149.75
6;300;1659312000;3;837.66
2;200;1609200000;3;301.11
3;100;1613347200;1;197.23
7;100;1624233600;2;471.99
6;100;1639872000;2;464.67
4;100;1648252800;0;308.49
10;200;1652486400;3;850.99
5;300;1637452800;3;68.23
8;300;1623542400;0;895.44
2;200;1628899200;1;362.64
7;100;1620691200;3;666.44
5;200;1641600000;1;397.08
3;100;1631145600;2;902.1
7;200;1592956800;0;875.67
4;200;1605139200;1;626.5
5;300;1647820800;2;832.89
7;200;1651017600;1;992.05
9;200;1581033600;1;494.65
10;100;1660176000;0;467.92
6;200;1643414400;1;897.48
0;100;1580428800;3;56.94
0;100;1595721600;0;437.71
4;200;1614384000;3;674.22
9;300;1622160000;0;250.26
3;200;1632787200;1;809.49
9;100;1625270400;2;542.68
4;100;1595721600;2;714.46
2;100;1623542400;0;926.74
4;100;1588550400;3;766.91
7;300;1583280000;2;789.5
8;100;1579996800;2;126.66
7;200;1663804800;3;720.8
0;200;1590796800;2;893.69
9;300;1584057600;2;648.95
8;200;1641427200;0;80.18
6;200;1628726400;1;18.59
9;300;1587859200;3;706.45
2;100;1627084800;1;41.75
1;200;1642291200;0;306.56
6;100;1616716800;2;139.44
10;200;1625702400;2;89.36
0;200;1579392000;3;152.43
2;100;1600905600;2;94.43
7;200;1653782400;2;936.62
4;300;1662336000;0;368.92
9;100;1584662400;2;972.05
3;300;1606608000;2;157.04
10;200;1582416000;2;280.97
3;300;1628985600;1;35.29
0;200;1586995200;2;244.37
8;100;1626048000;2;45.5
10;100;1621728000;3;504.93
3;200;1592006400;3;400.86
3;200;1658966400;3;757.9
4;200;1595894400;0;266.65
7;300;1648339200;0;880.28
9;100;1632960000;3;333.53
7;100;1582502400;0;776.22
3;200;1641340800;1;584.86
7;300;1654732800;2;701.84
6;200;1599609600;2;988.14
8;300;1617148800;1;874.33
7;200;1654819200;1;756.04
8;300;1660694400;3;987.82
2;100;1632960000;3;732.73
6;100;1587686400;0;821.52
8;200;1653609600;1;174.47
6;300;1631664000;0;370.0
6;200;1634947200;1;102.46
2;200;1640995200;3;847.46
10;300;1592092800;2;302.62
4;100;1629936000;2;824.1
6;200;1612310400;1;957.23
6;300;1619481600;3;768.5
10;100;1597708800;2;15.99
0;200;1660089600;1;612.81
2;300;1628035200;0;211.49
4;200;1627862400;0;799.56
2;100;1602288000;2;96.33
9;100;1662163200;2;644.92
4;100;1621728000;1;257.33
7;300;1662249600;3;21.57
2;300;1612051200;0;290.66
3;300;1589932800;3;172.32
1;300;1591056000;2;573.06
10;100;1589932800;1;870.34
4;300;1635724800;0;888.39
6;300;1590278400;3;191.66
2;100;1583971200;2;830.77
5;200;1651017600;2;319.04
2;100;1589587200;3;145.59
8;300;1628553600;0;141.87
6;200;1597536000;0;21.95
5;300;1596844800;0;694.92
8;100;1592784000;1;954.65
10;100;1605398400;1;926.66
0;100;1584576000;0;752.79
3;200;1646697600;3;663.2
6;300;1650758400;0;864.53
8;300;1594771200;1;422.59
7;100;1591833600;3;58.27
8;300;1649462400;3;218.3
0;200;1621209600;1;323.05
0;200;1644796800;1;125.43
6;300;1581120000;1;274.61
8;300;1595462400;2;732.14
9;300;1608768000;1;114.79
4;200;1656720000;2;372.76
3;100;1602979200;3;615.18
0;200;1663804800;0;136.53
3;200;1613692800;2;711.32
8;200;1586304000;1;619.0
8;200;1615248000;3;879.52
10;200;1619740800;1;139.47
9;300;1652918400;3;792.53
1;300;1580342400;2;758.5
10;300;1640390400;3;394.19
1;200;1644192000;1;362.52
5;300;1580428800;2;783.16
0;200;1579219200;1;429.06
0;200;1662595200;1;155.24
0;300;1647475200;3;110.75
2;300;1643328000;0;850.46
0;100;1617494400;2;696.86
4;200;1649980800;0;767.72
6;200;1625184000;3;983.04
6;300;1578268800;3;542.73
9;100;1653004800;2;179.07
2;200;1658880000;1;410.6
8;200;1641340800;1;131.48
2;100;1592265600;3;212.18
10;300;1610841600;0;55.07
9;300;1599091200;0;189.25
7;100;1650844800;0;173.93
9;300;1621296000;2;302.73
4;300;1585526400;3;573.2
10;200;1633910400;0;364.36
8;200;1583625600;3;130.39
1;300;1578614400;3;483.34
0;200;1644796800;2;179.07
3;100;1609372800;0;799.29
2;300;1591142400;1;972.6
8;300;1595894400;1;740.55
9;200;1632700800;1;86.63
8;100;1612656000;1;872.38
1;100;1661126400;3;243.5
3;100;1655596800;2;203.43
2;200;1586390400;1;397.88
2;300;1584144000;0;175.96
4;300;1603756800;1;158.42
1;100;1580601600;1;985.55
1;200;1617580800;0;521.89
6;100;1662422400;2;160.0
1;300;1636070400;2;204.29
6;200;1650326400;2;25.58
7;300;1648425600;0;703.12
1;300;1610496000;3;645.26
0;100;1643068800;2;65.33
4;300;1648425600;3;559.33
7;300;1609545600;0;280.72
1;300;1642204800;2;133.0
4;300;1596585600;3;168.78
8;300;1606694400;3;761.56
1;100;1609286400;1;965.55
8;200;1595721600;1;370.28
7;100;1590624000;1;78.32
9;300;1636675200;3;106.62
6;200;1588896000;1;292.16
4;200;1636675200;0;327.01
4;200;1618617600;0;466.3
4;200;1662508800;2;138.64
2;300;1592524800;2;471.77
5;200;1601424000;1;935.15
4;100;1651363200;3;878.0
0;200;1589932800;3;319.29
7;200;1615420800;2;601.44
10;100;1627430400;1;610.05
9;100;1600300800;0;745.62
9;200;1642896000;3;547.88
9;200;1632009600;0;323.72
1;200;1621036800;3;921.61
4;200;1660867200;0;628.58
9;200;1662249600;3;765.86
9;300;1589414400;1;616.95
8;100;1579305600;2;139.69
1;200;1639699200;3;925.67
7;300;1648771200;3;471.39
10;300;1638748800;2;243.8
7;100;1586908800;1;733.62
1;100;1661558400;3;659.35
7;100;1581033600;2;178.35
0;300;1588464000;1;121.88
0;100;1616371200;3;126.56
2;300;1620172800;3;122.84
0;200;1604793600;3;782.8
4;100;1633564800;0;25.88
6;200;1593475200;1;823.87
9;100;1626825600;1;253.16
8;300;1603238400;0;391.2
7;100;1599436800;2;533.84
3;300;1606521600;2;753.16
3;300;1597536000;2;954.01
1;200;1633219200;0;58.06
10;200;1628640000;2;56.25
2;100;1609545600;0;960.37
1;100;1583107200;1;319.26
5;300;1646697600;3;81.83
8;300;1657152000;2;917.44
2;100;1611532800;2;801.2
6;300;1651622400;0;993.65
0;100;1601424000;1;571.12
7;100;1624665600;2;221.68
4;300;1602979200;0;25.77
10;300;1616112000;0;148.41
6;100;1581811200;1;291.21
9;100;1606521600;1;3.98
9;100;1656720000;1;692.27
5;100;1633392000;3;804.24
1;200;1618358400;1;935.98
8;200;1580947200;0;176.2
8;300;1652918400;1;838.89
10;200;1637884800;2;317.03
2;100;1634083200;1;742.48
8;300;1583193600;2;815.07
10;100;1633996800;0;33.4
0;200;1580428800;3;210.01
3;300;1608940800;1;433.75
6;100;1583107200;1;971.69
1;100;1649980800;0;863.34
4;300;1606176000;1;562.5
8;100;1627257600;0;196.56
5;100;1578960000;2;241.76
5;200;1588809600;2;829.9
9;100;1580083200;3;588.03
3;300;1604880000;2;159.71
6;300;1638489600;3;354.7
1;200;1588636800;3;259.56
6;200;1621036800;3;486.37
0;200;1611705600;3;478.79
0;100;1650067200;0;256.53
8;100;1654992000;1;320.04
9;200;1639699200;2;232.86
6;100;1654905600;3;432.8
9;100;1608768000;1;111.25
1;200;1591056000;2;55.05
5;100;1630281600;2;550.24
8;300;1646611200;2;925.59
8;200;1579132800;1;737.0
8;100;1600128000;0;861.14
10;100;1658102400;1;875.98
9;100;1607212800;2;186.38
0;100;1613606400;1;247.72
8;300;1604707200;2;417.64
8;300;1586304000;2;300.99
9;100;1605139200;1;889.94
0;300;1640908800;2;304.36
6;200;1635206400;1;405.34
2;200;1628208000;1;847.08
10;300;1609113600;3;611.49
7;100;1655596800;3;68.54
9;300;1613952000;0;958.4
10;300;1654041600;3;544.52
9;300;1597190400;2;31.09
6;300;1618272000;1;820.78
2;100;1627689600;0;685.32
7;300;1611014400;2;230.2
5;300;1626307200;3;196.61
6;300;1628380800;0;85.72
8;200;1631750400;3;745.58
3;300;1641427200;3;153.45
1;200;1634860800;2;917.11
4;200;1657238400;0;127.35
6;200;1587340800;2;130.58
7;100;1648512000;3;210.13
2;300;1578787200;2;178.56
0;300;1604534400;0;118.54
9;200;1605225600;1;649.58
7;300;1630800000;1;394.94
10;200;1584662400;3;302.73
8;200;1601856000;3;215.62
4;200;1630886400;1;242.94
3;200;1625011200;2;744.04
0;200;1660867200;0;548.58
7;300;1639267200;2;731.04
1;100;1639094400;1;575.31
3;200;1602115200;1;429.12
1;100;1595030400;3;539.62
6;200;1610236800;1;468.31
2;200;1618444800;1;370.13
9;100;1651968000;0;716.51
8;300;1622678400;1;221.77
4;300;1616198400;3;916.14
9;100;1585958400;2;381.7
5;200;1621296000;3;887.33
9;300;1584230400;1;308.8
6;300;1663372800;2;659.67
2;200;1653350400;2;692.4
1;200;1638144000;2;171.9
0;100;1618704000;2;376.24
6;300;1628553600;0;911.43
4;100;1602720000;0;997.64
3;100;1608249600;1;547.5
5;200;1620000000;0;490.67
7;100;1604275200;3;762.45
4;100;1607644800;1;332.85
5;200;1602892800;0;730.71
9;300;1656547200;0;631.29
7;100;1638403200;3;903.61
4;200;1607904000;3;275.89
6;300;1621296000;1;299.99
0;100;1627516800;2;551.39
6;100;1606262400;1;37.89
9;100;1590710400;3;70.93
6;200;1631491200;3;823.14
5;100;1601078400;3;920.58
6;200;1640908800;0;912.32
3;100;1639958400;3;281.0
5;200;1598832000;1;452.55
2;300;1654473600;1;550.19
5;300;1597881600;2;608.97
5;300;1615766400;3;562.12
8;100;1614384000;1;878.11
9;300;1633305600;3;613.95
6;100;1645228800;0;728.89
6;200;1630022400;3;732.25
8;300;1644796800;2;545.91
9;100;1582329600;3;216.87
4;100;1598918400;3;639.94
6;200;1608768000;2;926.71
5;300;1592438400;2;795.95
1;200;1651622400;0;335.59
3;300;1633824000;0;621.94
7;300;1595462400;2;478.73
9;100;1579737600;0;305.56
4;100;1590710400;3;756.45
0;100;1604620800;0;277.64
10;100;1616803200;1;169.03
4;100;1652486400;2;754.87
0;300;1608508800;2;788.77
6;100;1595808000;3;839.85
4;300;1640736000;3;105.89
1;200;1616630400;2;19.84
9;300;1610236800;1;758.51
1;300;1641600000;1;196.1
0;300;1610496000;2;744.95
3;300;1580947200;0;495.79
0;200;1639440000;1;114.47
7;100;1643241600;2;28.32
5;300;1648944000;2;346.16
8;300;1639958400;0;946.04
2;300;1618272000;0;771.21
9;100;1613606400;1;555.56
0;100;1660003200;1;392.76
0;100;1618531200;2;557.43
9;100;1610064000;2;536.29
1;200;1621555200;2;986.37
10;300;1580428800;0;854.81
7;100;1601769600;3;985.49
9;100;1663545600;3;563.5
6;300;1651104000;3;814.16
7;300;1584144000;3;135.14
5;300;1582675200;3;45.69
0;100;1608595200;1;440.33
8;300;1609459200;3;758.3
5;300;1589328000;1;103.17
7;200;1645056000;2;300.68
6;200;1627257600;1;304.13
2;200;1629504000;2;649.64
7;200;1620518400;0;938.79
2;200;1655510400;2;264.8
0;200;1651104000;1;777.68
5;300;1601856000;1;744.43
4;300;1659225600;0;251.08
7;100;1638662400;1;982.33
8;100;1633305600;3;162.74
1;100;1632096000;3;691.38
1;300;1616371200;0;512.91
3;200;1611705600;1;591.49
0;300;1650240000;2;865.48
7;300;1657929600;0;691.69
5;100;1590364800;0;540.99
5;300;1628640000;1;602.58
6;200;1608595200;2;600.71
0;200;1631404800;1;841.71
2;100;1637798400;1;253.13
8;100;1590364800;2;197.9
3;100;1600646400;3;784.66
6;100;1659571200;0;745.95
4;100;1597449600;2;539.04
8;100;1610323200;2;404.83
7;300;1618272000;2;882.77
3;100;1656028800;0;634.8
6;200;1591315200;2;217.12
2;300;1579046400;3;627.38
0;200;1596240000;1;856.73
9;100;1654128000;3;944.07
2;300;1635206400;0;306.36
8;200;1657584000;3;227.82
1;300;1631491200;0;30.29
3;300;1589414400;2;823.0
10;300;1580169600;0;940.29
7;300;1634774400;3;166.28
2;300;1622073600;2;380.81
10;200;1663977600;3;21.24
9;200;1592438400;1;154.81
6;100;1654560000;1;145.38
0;100;1648684800;3;818.44
4;300;1643414400;3;594.99
5;300;1582502400;2;737.48
7;200;1597276800;0;764.22
0;200;1639094400;1;862.78
8;300;1585267200;0;393.95
6;300;1584748800;1;448.63
10;100;1604880000;0;847.07
9;100;1649635200;0;126.78
4;300;1596326400;1;955.58
10;300;1659052800;2;219.63
5;300;1617667200;2;265.01
8;200;1581724800;2;22.7
4;300;1594080000;1;373.49
9;300;1631318400;3;381.72
6;100;1583971200;3;110.04
9;200;1590624000;1;558.95
0;100;1604793600;0;992.03
1;100;1616371200;2;18.92
4;100;1595203200;3;908.33
0;300;1650067200;3;867.59
0;200;1604448000;0;137.61
6;300;1662681600;1;177.84
8;100;1586131200;3;710.57
5;200;1636329600;1;243.92
10;200;1651190400;1;1.93
7;100;1630713600;3;323.59
1;300;1594252800;1;214.41
10;100;1581897600;2;931.59
3;300;1624752000;3;895.19
4;100;1627084800;2;803.51
5;200;1645833600;2;380.18
10;300;1642464000;0;16.84
10;100;1632009600;3;136.8
10;300;1613174400;1;762.62
0;300;1651536000;2;271.74
3;100;1629590400;1;464.32
0;100;1606867200;3;268.35
7;200;1580428800;3;446.24
0;100;1626220800;3;268.01
2;300;1651190400;0;115.88
7;200;1655251200;1;634.03
5;200;1613952000;1;161.21
2;200;1641513600;1;679.72
6;300;1602201600;3;68.36
4;300;1581724800;2;629.65
8;200;1645747200;0;776.37
1;100;1593734400;2;309.17
4;200;1616889600;1;289.03
9;200;1662940800;0;422.93
3;300;1656115200;1;618.12
1;100;1625011200;2;250.53
6;100;1649721600;1;270.77
7;300;1617408000;2;937.4
7;200;1646956800;0;627.49
0;100;1590883200;1;187.93
8;200;1633132800;1;812.67
0;200;1612224000;0;41.12
4;300;1609200000;1;125.28
0;300;1587168000;0;823.26
5;100;1631750400;3;5.85
0;300;1655164800;3;981.33
4;200;1600905600;3;520.51
5;300;1616803200;0;443.97
9;300;1609545600;3;311.99
3;200;1603152000;2;566.47
8;300;1644364800;2;764.17
8;100;1588032000;0;948.06
7;300;1620518400;0;555.14
6;300;1619740800;1;634.93
9;100;1613088000;0;920.91
3;300;1631750400;1;285.55
7;300;1660348800;1;326.9
6;100;1611273600;0;958.9
4;300;1654300800;2;675.38
3;200;1602460800;1;448.09
1;100;1642032000;0;261.99
5;100;1620604800;1;522.46
5;200;1588032000;0;129.35
8;100;1615852800;1;475.4
9;200;1619654400;0;200.5
6;300;1602115200;3;236.82
5;200;1644364800;1;724.17
5;100;1596672000;3;947.55
4;200;1653696000;3;315.96
10;300;1629936000;0;946.67
6;300;1660694400;0;704.9
10;100;1627862400;2;515.78
8;300;1586736000;0;230.35
1;300;1620691200;2;429.28
2;200;1628640000;0;12.71
1;100;1597622400;3;187.1
7;300;1620691200;1;279.38
1;300;1588809600;0;371.56
2;300;1650499200;0;627.07
10;300;1587081600;3;673.77
6;200;1609286400;2;176.94
4;300;1656979200;3;722.08
2;100;1635120000;1;319.27
2;100;1611187200;0;859.9
7;100;1662768000;0;575.94
1;100;1660521600;0;569.08
5;200;1653523200;1;811.99
9;100;1626048000;1;901.6
6;100;1646784000;1;570.0
0;300;1645142400;2;831.28
1;200;1624665600;2;703.96
5;300;1635379200;0;861.26
1;100;1663286400;2;816.06
6;300;1645574400;3;13.75
5;300;1642636800;1;999.17
10;100;1623888000;3;140.82
6;300;1591228800;1;689.57
3;100;1602633600;2;643.75
4;300;1659398400;2;558.18
2;300;1655164800;1;980.9
0;300;1657584000;3;380.44
3;300;1661299200;3;964.36
1;300;1603756800;2;12.0
1;200;1610150400;0;926.83
2;200;1622764800;3;519.62
0;100;1615680000;1;710.56
9;300;1636502400;0;308.09
5;100;1642636800;0;691.87
8;300;1640217600;2;98.89
2;100;1645228800;0;360.24
4;100;1660348800;3;400.72
3;200;1653523200;1;217.03
1;200;1625788800;1;180.26
2;300;1600560000;0;790.8
5;100;1628294400;3;61.45
6;200;1637971200;0;212.72
0;200;1652659200;1;928.04
7;100;1607126400;2;65.32
8;300;1648252800;0;290.57
4;300;1616371200;1;507.53
0;200;1592179200;1;5.44
6;300;1627516800;0;951.87
0;200;1634774400;3;378.19
2;100;1599782400;0;924.65
2;100;1578700800;3;65.97
5;300;1641427200;2;704.61
2;300;1606003200;2;892.2
8;100;1611705600;3;675.81
1;100;1664236800;0;528.59
10;300;1656806400;2;614.05
5;300;1593648000;0;938.26
8;200;1624492800;3;793.51
9;100;1626393600;1;653.51
3;200;1596499200;3;218.98
4;100;1651104000;0;48.31
6;100;1630800000;3;641.72
6;100;1626566400;2;962.32
1;100;1627948800;0;962.07
4;200;1652659200;2;643.63
2;100;1621382400;0;386.41
0;300;1638835200;0;609.22
4;200;1633737600;0;611.55
9;100;1642204800;3;100.09
6;200;1606608000;3;243.18
5;100;1606521600;2;419.01
10;300;1652745600;1;103.57
5;200;1581292800;1;250.29
9;300;1662854400;3;452.7
0;300;1611014400;2;752.73
5;100;1616803200;1;267.34
6;100;1614211200;2;955.16
7;200;1597968000;3;72.75
6;200;1629504000;0;856.06
2;100;1662854400;0;371.24
0;200;1593388800;2;245.73
0;100;1662163200;1;836.57
9;100;1630022400;3;262.52
1;200;1653696000;1;252.87
0;300;1613779200;2;209.49
6;300;1607558400;1;107.27
5;100;1663804800;1;49.2
8;100;1629158400;1;310.7
3;300;1638576000;3;544.85
0;300;1647648000;3;243.25
10;300;1592784000;0;186.29
8;300;1590278400;2;136.35
7;100;1614643200;1;128.33
10;100;1593043200;3;165.45
0;200;1594166400;3;106.36
2;200;1635033600;0;252.32
9;300;1644192000;3;995.48
8;300;1632441600;1;207.01
8;100;1656806400;2;241.53
7;200;1662681600;0;414.72
6;200;1634515200;1;646.45
1;200;1634256000;1;147.59
6;100;1635724800;3;623.62
5;200;1643155200;3;535.28
6;100;1625616000;0;354.23
9;300;1590710400;3;160.26
2;100;1592006400;2;304.69
5;100;1588118400;2;865.04
3;300;1658102400;2;985.73
2;100;1592265600;3;323.82
0;200;1625961600;2;443.79
8;200;1597968000;3;108.61
1;300;1604102400;0;229.07
8;300;1616889600;2;392.72
5;100;1582070400;0;394.19
7;100;1628294400;1;963.35
8;200;1650153600;1;351.2
3;100;1641686400;2;936.35
8;100;1620950400;2;937.82
10;200;1657497600;0;67.76
4;200;1645833600;2;398.6
1;300;1619395200;2;755.66
3;300;1593129600;0;609.23
9;200;1625788800;1;976.83
4;100;1640995200;0;501.44
5;300;1606953600;2;815.53
10;200;1583884800;2;401.71
2;100;1624838400;0;667.5
0;200;1626998400;3;32.14
0;100;1579824000;3;451.45
6;200;1594166400;0;614.65
4;300;1613174400;0;163.03
0;200;1653264000;3;873.0
1;200;1592265600;3;273.75
10;300;1600646400;1;694.37
0;200;1592092800;0;360.43
2;200;1621382400;3;40.54
4;100;1586131200;0;583.81
9;300;1604793600;3;23.22
6;100;1585785600;2;336.93
9;300;1584144000;1;209.93
7;100;1638144000;2;392.95
8;100;1630368000;3;234.0
6;200;1647475200;3;90.92
10;300;1590796800;2;150.32
1;300;1631923200;1;232.22
8;200;1578787200;0;663.33
2;300;1606176000;2;521.62
3;100;1593734400;1;624.51
2;200;1636848000;3;587.76
5;300;1650758400;0;339.08
4;200;1632441600;1;43.99
1;200;1627862400;3;309.27
9;100;1585699200;1;357.48
4;300;1630454400;2;596.88
6;100;1602547200;0;539.65
5;100;1587081600;2;636.1
8;200;1594771200;2;982.09
9;200;1651017600;0;716.85
2;300;1615766400;1;281.73
7;300;1637452800;2;802.3
7;100;1584144000;3;138.83
10;100;1652140800;2;8.74
8;300;1652400000;0;86.59
9;100;1649289600;3;523.93
3;300;1581292800;2;901.39
3;100;1586908800;0;541.51
6;300;1634774400;0;460.56
3;300;1661040000;3;805.07
9;100;1643846400;3;574.42
9;100;1629244800;3;420.06
6;200;1653177600;2;682.25
6;300;1627084800;3;419.7
3;200;1620172800;0;66.64
10;200;1650844800;1;703.02
3;100;1596931200;3;802.46
7;100;1637712000;2;216.45
4;200;1656979200;0;474.16
5;100;1599091200;2;442.1
7;300;1610928000;0;263.32
8;300;1638576000;2;732.13
3;100;1596326400;1;700.29
8;300;1612828800;0;371.03
3;200;1598745600;3;622.93
1;200;1617062400;1;88.86
8;200;1641945600;0;651.9
6;100;1593993600;3;421.35
8;100;1648857600;0;992.91
2;300;1586131200;2;607.8
0;100;1652227200;2;380.34
9;300;1596153600;1;191.66
9;200;1595980800;1;375.34
2;100;1625270400;3;222.23
3;100;1591401600;3;693.62
3;300;1650326400;2;129.2
2;200;1647561600;1;655.12
6;300;1621296000;0;409.45
1;200;1619827200;0;79.99
0;100;1611187200;1;107.35
2;200;1615852800;1;374.65
3;200;1620777600;3;726.05
0;300;1586995200;2;839.98
10;300;1644451200;2;268.63
3;100;1587686400;0;453.43
10;300;1617753600;2;21.43
3;200;1654905600;1;976.34
1;300;1631836800;1;522.84
2;200;1626048000;2;958.93
3;100;1591660800;3;963.11
5;200;1603497600;2;887.74
6;200;1660003200;2;795.78
6;300;1652313600;2;506.81
7;100;1613520000;0;117.78
8;100;1661299200;2;284.97
4;300;1592524800;1;998.25
5;100;1586736000;0;264.45
1;300;1627516800;2;804.68
3;100;1621296000;2;19.75
8;200;1621814400;3;315.39
4;300;1582934400;3;783.31
3;100;1655164800;3;37.47
10;300;1593129600;0;102.16
0;300;1658793600;2;3.59
8;100;1654128000;0;57.23
0;100;1620864000;0;335.9
6;300;1608336000;1;6.36
8;300;1647907200;3;269.08
7;200;1601078400;3;563.08
8;100;1655337600;0;357.32
4;200;1636761600;0;642.23
10;300;1656201600;3;942.73
3;200;1584144000;0;222.55
4;200;1582848000;0;376.84
9;100;1609545600;3;429.86
2;300;1663286400;2;485.18
0;100;1651968000;1;291.1
1;200;1659657600;3;604.35
9;300;1614729600;1;417.29
2;300;1603411200;2;510.78
7;100;1647993600;2;333.34
2;200;1643673600;2;950.94
3;100;1594425600;0;66.16
10;100;1624752000;0;378.0
5;300;1650758400;1;908.97
4;100;1642291200;2;902.08
9;300;1592697600;2;464.59
9;100;1628726400;2;159.4
8;300;1584662400;3;967.02
1;200;1649721600;1;509.46
6;100;1653955200;1;14.4
10;100;1653609600;1;217.58
3;200;1629936000;2;446.07
6;300;1616803200;0;904.63
10;100;1649980800;0;683.51
3;200;1605916800;2;180.34
2;300;1629417600;3;655.35
8;100;1585094400;2;447.29
4;100;1645056000;0;472.77
1;300;1625702400;1;896.56
8;100;1641686400;0;760.07
7;300;1611619200;3;975.84
10;300;1578096000;0;989.09
3;200;1639267200;2;236.59
2;300;1607558400;3;896.31
2;200;1642118400;3;924.82
3;100;1627516800;3;714.94
10;200;1596067200;0;591.65
2;200;1643932800;0;853.77
6;300;1620172800;0;798.25
4;200;1626307200;0;837.82
2;300;1640822400;0;335.8
10;200;1597622400;3;55.77
3;300;1629849600;2;952.63
0;300;1653264000;0;313.75
8;100;1581379200;1;889.65
7;200;1659571200;2;710.13
8;200;1652400000;3;990.4
7;200;1655769600;3;87.26
2;200;1580083200;1;420.33
8;300;1638576000;3;984.0
8;200;1612051200;2;989.59
6;200;1595030400;2;434.75
5;100;1630972800;0;681.29
7;100;1597276800;0;558.88
9;100;1648080000;0;783.87
1;300;1608595200;3;502.14
6;100;1588550400;0;412.13
7;100;1617494400;1;441.26
5;100;1658016000;1;767.0
6;200;1599350400;0;753.2
3;100;1595894400;3;790.7
10;300;1617062400;2;837.93
5;100;1618790400;1;39.48
5;100;1611014400;1;130.1
8;300;1592006400;1;730.67
3;200;1615852800;3;860.27
0;300;1581206400;1;898.0
5;100;1639699200;1;431.03
5;100;1624147200;2;655.33
8;200;1646697600;1;935.05
5;300;1600819200;1;13.55
4;300;1654041600;0;77.48
4;300;1640217600;1;986.99
6;300;1654905600;3;330.12
8;300;1607040000;0;737.1
10;100;1585008000;2;533.86
9;300;1641686400;2;811.74
4;300;1601942400;3;542.8
5;300;1580515200;3;6.13
4;100;1635292800;1;603.66
6;300;1593129600;3;895.79
8;200;1640390400;0;879.21
2;100;1663200000;3;264.11
7;100;1633132800;1;215.12
5;300;1593475200;3;386.91
2;300;1578096000;0;241.81
5;300;1623110400;2;256.36
6;100;1607558400;0;350.3
9;300;1623888000;0;174.22
10;100;1659225600;2;209.15
2;200;1633996800;3;530.98
5;300;1605225600;2;426.64
10;300;1579478400;1;88.85
5;100;1598486400;2;820.36
1;200;1629244800;1;891.49
5;100;1637452800;0;203.42
4;300;1585872000;1;305.75
10;200;1652227200;2;246.76
6;300;1603324800;0;71.62
8;200;1648339200;1;470.42
3;300;1619308800;0;408.27
9;100;1599004800;0;291.95
9;200;1627862400;0;809.21
5;200;1658966400;3;452.19
7;200;1583539200;1;878.77
7;100;1616976000;1;341.88
2;300;1653609600;2;897.27
0;100;1580515200;3;785.87
2;300;1640390400;3;442.44
9;100;1639785600;1;493.4
9;100;1611964800;3;644.38
1;300;1653436800;0;407.17
5;100;1625788800;3;254.39
5;100;1605744000;0;393.19
10;100;1617148800;3;792.25
6;300;1593475200;3;364.59
10;300;1622937600;0;636.8
8;100;1616198400;0;546.79
2;300;1618185600;3;214.22
4;300;1612656000;1;411.18
2;100;1622678400;0;991.63
2;100;1622592000;3;712.35
3;200;1649462400;1;608.64
0;200;1629158400;2;937.51
6;100;1598400000;2;490.23
7;100;1635811200;1;956.22
9;300;1617235200;1;363.5
6;100;1658534400;2;312.13
2;300;1623801600;0;846.77
3;300;1628812800;2;129.4
5;200;1607731200;0;734.92
5;300;1590019200;3;643.0
5;200;1604707200;2;684.72
0;100;1643932800;2;321.07
7;100;1617926400;2;624.32
7;200;1593907200;1;18.63
10;200;1639872000;3;145.18
0;100;1591228800;0;74.5
8;100;1611964800;1;647.97
2;100;1659052800;3;949.86
1;200;1644710400;1;570.36
2;100;1589328000;2;555.26
2;100;1623369600;1;493.65
1;100;1636416000;1;152.06
7;300;1637193600;0;590.21
5;300;1611014400;3;514.75
10;200;1638748800;2;909.94
3;300;1646956800;2;536.75
9;200;1592265600;0;619.95
3;200;1660521600;3;34.46
2;200;1586649600;0;633.19
6;300;1614297600;1;966.0
8;100;1634947200;0;282.25
0;100;1592524800;1;207.7
2;200;1641859200;1;391.5
4;200;1600646400;2;711.63
7;300;1657843200;0;762.34
2;300;1584489600;0;853.88
5;300;1623196800;3;536.43
1;100;1655164800;0;374.07
8;300;1621728000;1;814.98
8;100;1632009600;1;740.42
4;200;1651881600;0;20.86
10;100;1580169600;1;830.78
10;100;1609372800;0;28.47
10;200;1581379200;3;43.05
8;100;1645920000;3;966.6
1;200;1607817600;3;238.25
3;100;1646784000;1;611.14
10;100;1635120000;3;502.43
1;100;1593648000;3;308.32
10;200;1588809600;0;532.53
8;300;1624147200;2;54.24
0;300;1652745600;1;172.58
8;100;1656460800;2;228.35
10;100;1620604800;0;265.76
9;200;1633132800;2;333.91
1;300;1628294400;0;250.19
0;300;1657584000;0;920.59
0;200;1650153600;1;180.08
1;100;1612742400;1;360.36
6;200;1616371200;0;397.94
2;300;1660089600;3;892.56
4;200;1624579200;2;396.04
5;300;1595980800;1;118.04
1;300;1651276800;3;314.1
1;200;1600560000;3;725.0
9;200;1652400000;0;121.46
3;200;1621728000;1;651.95
4;200;1591228800;3;279.89
8;200;1650585600;3;271.07
3;300;1628812800;1;374.15
8;100;1586822400;3;290.86
9;300;1639958400;0;772.23
5;200;1646524800;2;361.32
9;200;1616198400;0;804.76
1;200;1620864000;3;858.31
4;100;1651968000;2;653.7
8;200;1621468800;0;943.41
7;200;1597017600;0;662.33
1;300;1655856000;3;556.29
7;200;1583798400;0;491.37
10;300;1646870400;0;721.2
6;200;1579737600;3;636.93
2;300;1638921600;3;642.72
3;300;1613260800;0;568.43
3;100;1591401600;2;59.06
6;200;1594944000;3;347.03
1;100;1615507200;3;309.22
7;200;1606435200;1;709.31
6;300;1610409600;3;161.01
10;200;1592352000;1;534.62
8;200;1658620800;1;237.79
3;200;1662422400;3;21.7
4;100;1639526400;2;794.04
3;300;1651536000;2;640.5
10;100;1633046400;1;267.98
9;200;1584748800;0;946.8
5;200;1611964800;1;927.69
6;300;1623110400;1;10.97
6;200;1588377600;0;577.34
0;100;1633737600;1;324.4
7;300;1620950400;0;348.13
2;200;1604275200;0;219.37
10;300;1640822400;3;898.25
9;200;1629849600;0;183.75
10;200;1595721600;0;553.48
9;200;1658966400;2;753.22
2;200;1634169600;3;793.71
9;200;1630540800;2;618.93
1;100;1643846400;0;444.69
6;200;1663286400;3;513.73
7;200;1595548800;1;926.76
10;300;1597190400;2;883.28
3;200;1636156800;1;834.61
10;100;1587945600;3;719.66
8;200;1636588800;1;579.94
10;200;1646265600;0;21.76
2;100;1637107200;0;842.98
2;300;1613347200;0;305.55
8;200;1614038400;2;842.73
9;300;1618185600;0;823.6
8;100;1603843200;2;854.67
3;100;1655251200;2;123.22
6;100;1647907200;1;177.23
7;100;1585872000;2;542.86
1;100;1656028800;2;955.89
5;200;1579219200;3;940.85
9;200;1604793600;3;361.94
10;300;1583280000;0;681.48
8;200;1619913600;1;571.02
3;300;1643414400;1;380.2
8;300;1607212800;3;18.44
8;100;1620172800;0;667.34
9;300;1632873600;0;528.82
1;300;1629590400;2;609.83
10;100;1586131200;0;829.54
4;300;1608249600;2;288.31
5;300;1597708800;0;370.95
6;300;1650153600;1;62.83
0;300;1578268800;3;611.98
7;200;1609977600;0;471.36
10;100;1578700800;3;195.53
9;200;1634515200;2;681.29
2;100;1638835200;2;827.64
9;300;1607385600;3;678.88
5;200;1652054400;1;273.34
6;100;1650758400;2;627.76
8;300;1594339200;0;167.27
0;100;1650240000;2;432.15
4;300;1595808000;0;725.43
10;200;1639699200;2;256.85
6;100;1579132800;2;6.18
3;200;1612310400;1;306.84
7;100;1581206400;3;237.98
5;300;1604620800;1;533.01
7;200;1596585600;0;374.02
1;100;1641081600;3;803.08
2;100;1629676800;2;810.08
5;300;1611100800;3;37.32
5;200;1617062400;2;213.88
4;300;1653350400;1;982.16
2;200;1614297600;3;981.04
3;100;1629072000;0;572.17
6;200;1612483200;3;946.29
6;300;1597536000;1;424.39
5;100;1602288000;1;568.86
1;300;1642809600;2;764.4
7;100;1583625600;0;575.95
1;200;1616025600;0;386.15
1;300;1651536000;0;211.69
8;300;1614729600;1;13.63
7;300;1653609600;2;323.72
1;200;1581120000;3;924.72
8;200;1597104000;3;225.79
3;100;1624320000;0;725.93
0;200;1635984000;2;585.69
9;300;1587859200;0;78.76
10;100;1647302400;2;418.78
10;300;1663718400;0;659.97
2;300;1634774400;0;907.0
6;300;1619654400;3;72.07
1;100;1607040000;3;226.01
6;300;1632182400;3;553.46
2;300;1654387200;2;135.78
9;100;1607904000;0;745.99
6;100;1608076800;1;258.63
3;200;1598486400;0;822.22
8;100;1616198400;1;897.19
8;300;1592438400;0;139.66
3;200;1619308800;2;206.81
9;100;1595721600;0;492.89
7;200;1613692800;2;470.07
1;300;1663372800;0;578.41
7;200;1585440000;3;687.12
6;200;1581897600;1;679.61
4;200;1617494400;3;683.97
4;100;1619568000;2;797.1
1;100;1612224000;3;403.45
8;200;1599264000;0;777.73
7;200;1655942400;3;577.94
0;100;1591401600;3;128.71
8;100;1592956800;1;976.0
5;300;1632268800;3;481.45
10;100;1629244800;0;359.13
7;100;1599436800;3;1.68
10;300;1646438400;1;763.91
5;200;1654992000;2;467.33
7;100;1593648000;2;72.28
7;300;1594080000;0;421.06
5;300;1583798400;3;17.01
8;300;1609632000;2;714.08
8;200;1582502400;3;695.72
10;100;1651536000;2;295.95
1;200;1630627200;2;501.15
6;200;1581724800;2;270.22
5;200;1627257600;1;311.52
4;100;1578009600;1;955.99
3;100;1621209600;3;581.27
9;300;1625616000;3;385.78
10;100;1644796800;1;290.51
6;100;1582934400;3;395.99
10;100;1655510400;2;161.38
9;100;1595376000;2;446.53
2;200;1630108800;2;76.49
0;100;1592092800;3;254.03
9;300;1603497600;3;612.19
4;300;1607731200;3;564.95
0;300;1639353600;2;346.93
1;300;1629417600;0;869.37
2;300;1613865600;3;813.57
10;200;1606003200;2;30.47
9;100;1625011200;3;815.77
7;300;1603065600;2;110.01
8;300;1637193600;0;245.13
10;200;1609372800;1;322.63
1;300;1603584000;2;173.06
0;300;1595462400;0;639.84
10;200;1615507200;1;995.5
3;100;1620259200;0;808.14
8;200;1653264000;0;612.01
6;100;1664064000;1;538.13
0;300;1644624000;1;358.73
10;300;1650326400;2;914.88
2;200;1603324800;1;999.28
8;100;1616716800;3;686.82
1;300;1588118400;3;335.33
7;200;1643587200;0;511.31
5;200;1660608000;0;861.98
10;100;1594512000;0;392.21
2;100;1586217600;0;21.24
5;100;1593129600;2;353.65
6;100;1627948800;0;784.73
9;300;1655337600;1;865.94
4;200;1613952000;2;70.59
2;200;1640822400;1;71.96
3;200;1585353600;2;103.7
7;100;1658361600;2;900.42
4;300;1644364800;3;854.7
1;100;1600041600;3;459.86
4;200;1613433600;0;489.23
8;200;1603238400;2;12.78
6;100;1603238400;0;424.04
10;300;1624752000;3;562.87
6;100;1602374400;0;233.42
7;100;1662595200;3;403.08
8;200;1636416000;1;916.86
4;200;1598400000;0;950.33
0;200;1630281600;2;404.79
2;300;1646784000;1;896.52
9;300;1631232000;2;281.64
7;200;1639872000;3;688.85
6;100;1615507200;2;671.65
3;300;1581120000;3;633.27
1;300;1644624000;3;654.63
5;300;1617235200;0;96.48
4;200;1608336000;0;986.57
1;100;1655769600;3;633.52
6;200;1614816000;0;355.19
6;100;1631059200;2;407.65
7;100;1584662400;2;845.99
1;200;1656892800;0;541.31
10;100;1645401600;0;353.4
2;200;1625616000;3;346.79
5;200;1626220800;1;259.88
0;200;1634342400;2;897.77
8;100;1650326400;1;909.71
6;100;1632787200;0;418.53
10;100;1597449600;0;595.83
2;300;1608940800;1;268.18
0;300;1627257600;1;67.44
10;300;1602892800;2;274.63
8;200;1621728000;3;421.79
4;300;1615248000;1;538.64
5;100;1659312000;3;41.59
9;300;1578182400;2;495.31
